id,Q1a_1,Q1a_2,Q3a_1,Q3a_2,Q4,Q5_a,Q5_b,Q5_c,Q5_d,Q6,Q7,Q8,Q9a,Q9b,Q10_a,Q10_b,Q10_c,Q10_c2,Q10_d,Q10_e,Q10_e2,Q10_e3,Q10_f,Q11a,Q11b,Q11c,Q11d,Q12_a,Q12_b,Q12_c,Q12_d,Q12_e,Q12_e2,Q12_e3,Q12_f,Q12_g,Q13_g,Q13_f,Q13_c,Q13_a,Q13_a1,Q13_b,Q13_b1,Q13_d,Q13_e,Q14a,Q14b,Q15,Q16,Q17a,Q17b,Q19a,Q19b,Q20,Q21_a,Q21_b,Q21_c,Q22_a,Q22_b,Q22_c,Multitasking1,Multitasking2,Multitasking3,Multitasking4,Multitasking5,Multitasking6,Multitasking7,Multitasking8,Multitasking9,Distraction1,Distraction2,Distraction3,device,english,interviewtime,welcomeTime,Q1aTime,Q3aTime,Q4Time,Q5Time,Q6Time,Q7Time,Q8Time,Q9aTime,Q9bTime,Q10Time,Q11aTime,Q11bTime,Q11cTime,Q11dTime,Q12Time,Q13Time,Q14aTime,Q14bTime,Q15Time,Q16Time,Q17aTime,Q17bTime,Q19aTime,Q19bTime,Q20Time,Q21Time,Q22Time,Multitasking1Time,Multitasking2Time,Multitasking3Time,Multitasking4Time,Multitasking5Time,Multitasking6Time,Multitasking7Time,Multitasking8Time,Multitasking9Time,Distraction1Time,Distraction2Time,Distraction3Time,deviceTime,englishTime
21,1,6,3,4,5,9,3,3,2,5,6,4,2,2,3,3,4,5,4,3,NA,3,3,4,3,3,5,4,3,4,4,4,4,NA,4,2,2,3,2,3,4,2,5,3,2,3,3,5,4,0,5,1,2,2,NA,1,NA,2,2,2,2,1,1,1,0,1,0,1,0,2,9,1,2,2,2388.05,75.36,116.84,143.69,51.96,175.93,48.28,67.01,74.19,45.45,17.9,266.45,55.38,39.13,69.06,105.12,187.49,217.73,89.04,19.27,12.85,45.54,19.35,23.33,36.57,20.96,12.94,32.11,51.45,28.41,15.32,19.24,19.74,34.35,15.08,11.16,16.15,15.01,21.72,20.28,17.19,7.49,20.48
22,1,2,2,4,2,7,3,4,5,3,7,4,0,0,2,5,1,3,4,1,NA,1,3,2,2,2,2,3,2,5,4,3,5,NA,3,2,2,3,2,2,1,1,5,3,1,1,3,5,3,0,5,1,2,2,2,2,2,4,1,2,2,2,2,0,1,0,0,0,0,1,10,1,1,2,629.9,20.78,38.62,26.4,36.49,27.36,8.59,14.86,21.48,22.49,6.54,65.05,11.7,6.76,6.64,7.62,50.75,43.08,15.09,7.08,5.72,10.88,10.79,11.92,10.35,6.22,4.93,14.12,28.99,12.56,4.34,3.56,7.53,8.46,6.15,2.75,3.61,3.47,7.5,5.04,6.31,4.95,8.43
25,6,2,4,2,3,7,3,5,5,3,6,4,4,4,3,5,2,5,5,3,5,NA,3,2,2,2,5,3,3,5,4,4,NA,1,4,3,4,3,2,1,4,1,3,100,2,3,3,4,2,0,1,2,3,2,2,2,2,100,100,1,2,2,2,0,1,0,0,0,0,1,9,1,3,3,1176.18,79.65,64.21,38.63,54.63,59.77,17.99,66.76,34.88,20.38,11.57,115.04,19.97,12.72,12.27,13.16,86.88,106.52,19.31,19.12,14.87,18.08,26.16,30.47,13.82,9.21,7.48,13.5,34.49,17.56,7.83,7.07,12.36,14.92,11.75,9.38,6.69,8.62,11.28,13.23,11.86,9.83,7.36
26,1,6,2,4,3,8,3,5,5,4,2,3,4,4,3,2,2,2,2,2,NA,1,3,3,4,3,2,4,2,4,NA,NA,NA,NA,3,3,3,3,2,2,2,1,2,1,2,3,3,5,3,0,32,3,2,2,2,2,2,3,4,4,2,2,2,0,0,0,0,0,0,8,8,1,3,2,1234.12,12.77,197.35,138.45,50.06,30.73,20.83,48.41,33.58,11.77,13.27,86.84,17.98,8.3,11.21,17.19,123.07,72.36,13.08,9.27,13.94,28.69,11.88,51.64,10.62,6.4,6.1,26,17.9,22.1,8.98,8.1,10.4,12.04,6.2,7.29,5.13,7.14,7.81,23.08,7.67,8.52,5.98
30,2,6,2,4,3,9,2,4,3,4,6,4,0,5,3,5,1,2,4,3,NA,3,4,2,2,3,3,5,2,5,5,4,5,NA,5,3,2,3,2,1,1,1,5,3,1,3,3,5,3,0,5,3,3,2,2,1,1,3,2,3,2,2,2,0,0,0,0,0,0,1,10,1,1,3,1201.64,1.64,21.08,11.02,27.19,91.79,17.28,87.64,34.78,38.7,12.09,75.43,77.97,17.27,46.42,61.48,100.44,96.85,17.7,8.77,28.48,17.06,40.96,32.36,10.31,15.6,9.63,14.09,36.93,14.89,8.31,3.53,11.8,14.92,10.46,5.39,5.47,7.71,15.51,11.83,14.72,8.33,15.03
31,1,6,1,2,2,7,5,7,5,4,9,4,2,4,2,3,2,3,4,2,NA,3,3,2,2,2,3,3,3,4,2,3,5,NA,3,2,3,3,3,2,2,2,3,3,2,2,3,4,3,2,7,1,2,2,2,2,2,2,2,2,2,1,2,0,0,0,0,0,0,2,8,1,1,3,1000.27,2.81,54.94,48.76,32.35,51.97,13.21,18.92,21.31,28.52,8.05,88.39,11.96,6.31,8.63,9.6,98.76,80.52,59.45,23.24,50.57,16.13,17.71,26.13,11.11,11.52,6.54,21.38,30.8,17.03,8.72,7.06,14.96,13.99,6.93,5.79,8.41,7.23,8.83,10.53,11.42,7.4,8.67
32,1,2,2,4,2,10,3,7,6,5,7,3,0,3,3,4,2,5,4,2,NA,3,5,2,3,2,2,3,2,3,1,5,5,NA,3,2,2,3,4,2,5,1,5,3,1,3,3,5,1,0,6,1,2,2,1,1,2,4,2,5,2,2,2,0,0,0,0,0,1,1,10,1,3,1,844.54,10.5,27.26,26.26,23.86,44.22,9.05,29.29,19.34,13.99,19.61,76.41,12.99,9.32,9.77,10.17,73.58,51.13,17.59,12.46,14.2,14.94,14.35,18.24,14.39,31.68,16.43,13.11,17.7,13.81,6.11,6.7,8.81,28.91,17.46,10.88,10.89,10.37,10.61,11.05,19.2,6.47,7.02
33,1,5,2,4,3,9,6,7,7,4,7,3,3,3,2,4,3,2,2,2,4,NA,3,2,3,2,2,4,2,4,5,4,NA,3,3,NA,2,2,2,3,3,2,5,3,2,2,2,4,3,0,0,2,3,2,2,2,2,2,1,3,2,2,2,1,1,1,1,0,1,2,7,1,3,2,1514.06,10.97,35.93,29.58,58.78,60.93,26.4,51.66,40.86,35.49,11.28,226.73,11.84,13.74,10.32,17.69,232.1,145.29,22.62,14.64,11.61,86.81,13.04,11.81,33.33,7.44,8.89,13.82,21.39,91.39,6.98,9.61,15.8,10.85,9.33,9.51,6.69,8.72,32.09,9.16,18.28,8.96,8.22
34,6,2,3,1,4,7,4,8,5,3,6,4,1,3,NA,NA,NA,NA,NA,NA,NA,NA,NA,4,3,2,5,4,3,3,3,4,NA,1,2,4,1,3,3,2,100,1,5,4,1,2,3,5,4,0,4,3,4,2,1,2,2,3,4,2,2,2,2,0,0,0,0,0,0,1,10,1,1,1,1236.03,20.19,61.85,62.76,24.36,34.76,12.77,114.3,27.68,34.54,17.31,4.68,21.08,13.69,25.84,42.96,103.13,204.3,48.76,11.66,20.77,23.83,38.46,24.64,10.56,17.31,6.76,32.18,39.99,15.58,12.04,6.26,10.36,8.34,9.08,5.75,6.22,4.62,9.14,11.55,9.55,10.27,8.21
35,1,2,1,2,3,7,5,5,8,3,2,4,2,3,4,5,3,4,3,2,NA,2,3,2,2,2,2,4,3,4,4,2,2,NA,NA,2,3,2,4,2,2,2,3,3,2,2,2,5,3,0,0,1,2,2,2,2,2,3,1,3,2,2,2,0,0,1,0,0,0,2,8,1,3,3,878.24,4.06,31.39,22.12,38.95,84,13.73,16.42,34.82,11.16,9.67,76.71,43.67,12.07,19.89,8.54,76.61,72.7,22.58,8.78,7.57,14.3,9.87,10.43,8.05,7.09,4.24,11.87,50.47,12.17,6.45,5.66,13.31,12.09,9.99,8.06,4.06,7.32,29.66,9.97,12.94,4.61,5.48
36,2,1,4,3,3,8,2,5,2,3,7,4,2,3,4,5,3,4,2,4,5,NA,2,3,2,3,5,4,3,3,4,4,NA,2,4,3,3,4,3,3,3,2,5,2,1,1,3,4,4,0,1,3,3,2,2,2,2,2,2,2,2,2,2,0,0,0,0,0,0,1,9,1,1,3,1609.89,3.78,108.24,91.37,32.55,58.08,40.06,32.84,56.16,27.53,13.76,131.69,50.02,21.57,20.45,51.66,173.75,302.15,42.11,35.38,31.26,43.88,21.05,36.52,10.38,9.6,4.85,15.17,23.44,11.54,8.41,3.87,13.13,22.12,6.75,6,3.34,6.07,5.31,7.21,9,7.21,5.54
37,1,6,4,1,2,7,2,100,1,3,1,4,1,2,3,5,2,4,4,3,NA,2,4,100,4,3,NA,3,100,4,4,4,4,NA,3,2,2,2,3,3,3,2,5,3,3,2,3,4,100,0,4,2,4,2,2,2,2,1,3,3,2,2,2,1,0,0,0,0,0,1,10,1,1,NA,886.33,11.1,56.47,35.67,38.13,43.35,10.59,26.45,21.5,16.42,11.2,80.17,21.29,11.83,11.84,11.22,55.17,58.21,14.57,11.3,26.72,20.7,17.55,25.42,16.74,8.14,8.48,18.98,22.68,18.47,8.98,8.64,23.28,14.77,9.94,8.3,6.23,7.65,13.33,11,6.24,8.36,24.55
38,1,6,2,4,2,7,3,6,1,5,7,4,8,5,2,5,1,4,4,3,5,NA,3,2,2,3,3,4,3,4,5,4,NA,2,2,3,2,3,2,1,2,2,5,2,1,1,3,5,3,2,2,1,4,2,1,2,2,4,3,4,2,1,2,0,0,0,0,0,0,4,7,4,1,1,926.21,4.82,63.28,36.4,37.06,40.34,10.06,45.5,28.45,68.15,8.54,106.72,5.64,11.03,8.52,10.87,123.9,84.71,20.21,12.86,5.52,7.53,11.98,12.28,5.58,8.13,4.37,14.73,23.24,15.79,5.8,3.42,6.76,7.19,7.89,3.39,18.45,3.38,7.17,4.56,10.88,4.08,4.23
39,2,1,4,1,3,5,3,5,4,5,6,4,1,1,3,4,3,5,5,3,5,NA,4,3,3,2,5,5,2,4,4,4,NA,1,4,2,3,3,2,2,5,1,5,1,1,2,2,5,2,1,12,1,1,2,1,1,2,1,5,3,2,2,2,0,0,0,0,0,0,2,9,1,2,1,1160.62,59.15,51.48,79.51,37.45,53.09,6.91,20.86,20.85,29.77,16.57,172.42,19.87,6.06,8.75,12.97,73.99,61.33,38.96,16.87,22.13,22.1,18.34,17.87,8.31,5.46,3.95,21.7,29.1,11.55,6.46,5.75,9.39,8.14,15.12,11.66,6.81,8.54,9.6,8.34,6.61,5.88,4.11
40,6,2,3,2,2,10,4,7,8,5,6,4,3,7,2,4,2,4,3,1,5,NA,4,2,2,2,4,4,2,5,5,3,NA,2,4,3,3,4,2,1,4,1,5,2,3,1,3,5,3,0,2,1,2,2,1,2,2,2,1,1,1,2,2,0,0,0,0,0,1,1,10,1,3,1,1200.52,23.23,63.37,56.14,47.28,45.12,12.07,31.85,33.6,25.58,24.86,173.52,12.58,11.3,11.04,15.64,91.14,112.41,26.54,14.94,22.02,21.73,26.9,36.64,12.98,8.36,6.79,22.54,22.91,16.22,21.87,6.76,12.36,30.72,12.46,8.68,8.2,11.91,10.6,12.87,14.2,9.95,6.28
41,6,1,2,1,1,9,1,3,3,5,2,4,5,6,2,5,3,5,4,2,NA,2,3,2,3,2,4,5,2,3,4,2,5,NA,4,2,1,1,3,2,2,1,5,2,1,2,3,4,3,0,7,1,3,2,2,2,2,3,3,2,2,2,2,0,0,2,0,0,0,1,7,1,3,2,1222.13,23.74,120.85,76.57,42,54.43,19.6,37.73,38.38,26.78,12.75,91.9,33.1,10.85,13.14,29.67,89.11,68.42,23.56,17.86,12.72,31.01,26.94,20.77,13.62,20.54,7.2,17.67,27.3,24.83,14.14,7.06,16.04,20.92,13.57,10.08,9.7,10.99,9.82,12.37,23.88,12.41,9.82
43,6,2,4,2,2,8,2,4,3,3,9,3,2,2,5,4,4,5,3,2,NA,2,5,4,4,2,5,2,4,3,4,4,5,NA,4,2,4,4,3,2,5,1,5,3,2,2,3,4,2,0,1,100,3,2,2,2,2,1,1,2,2,2,2,2,1,1,1,0,0,2,8,1,3,2,1731.56,2.14,63.07,25.29,24.68,47.37,87.71,160.02,19.06,28.53,124.13,223.13,55.15,10.46,7.4,14.16,137.98,218.22,101.48,11.26,86.01,15.06,15.82,27.77,11.39,5.98,9.28,43.54,40.82,11.95,9.11,4.49,11.4,9.35,7.58,4.35,4.48,12.44,11,7.41,5.89,6.56,5.71
46,6,5,2,3,3,7,5,4,3,3,7,4,9,0,5,2,1,5,1,2,NA,2,4,3,4,2,2,4,4,4,1,4,5,NA,4,2,2,1,2,2,2,1,3,3,2,3,3,5,2,0,5,1,4,2,2,2,2,1,1,2,2,2,2,0,0,0,0,0,0,1,8,1,3,3,1303.73,4.74,58.68,45.03,42.62,33.83,15.29,70.72,21.97,17.96,101.54,153.29,14.88,15.75,12.93,18.1,75.8,40.17,88.21,13.66,10.54,24.95,20.08,25.29,13.19,8.39,7.22,13.45,59.69,12.78,8.4,4.94,18.36,13.57,7.56,7.24,5.53,8.28,15.71,13.58,45.59,15.46,10.73
47,1,6,2,1,3,8,6,6,4,4,4,4,3,1,4,4,4,5,4,4,5,NA,4,3,3,2,4,4,3,3,4,4,NA,1,4,2,3,4,4,2,2,1,5,2,1,1,2,5,4,2,3,1,3,2,NA,2,1,3,3,2,2,1,2,0,0,0,0,0,0,2,10,1,1,1,990.76,16.69,51.41,46.92,34.2,55.68,12.16,26.56,50.18,40.5,12.16,90.21,19.45,9.39,18.65,37.97,45.73,67.77,30.38,13.25,26.02,16.12,14.26,37.08,11.21,10.8,8.73,26.95,19.59,21.69,7.46,6.48,8.47,9.27,6.94,14.19,5.35,5.87,12.37,8.73,8.65,10.02,10.96
48,1,6,2,4,100,9,7,8,9,5,7,4,1,2,2,4,2,4,4,2,4,NA,3,2,2,2,5,4,2,4,4,3,NA,2,4,2,1,2,2,2,2,2,5,3,1,3,3,5,4,0,3,3,3,2,2,2,2,2,2,1,2,2,2,0,0,1,0,0,0,1,10,1,1,2,775.32,19.11,32.29,48.29,31.9,41.81,15.89,23.41,21.88,19.95,10.66,77.77,9.83,7.47,8.57,26.85,54.43,55.52,20.64,11.75,8.55,13.77,18.34,17.96,13.31,8.46,6.43,11.54,22.49,12.89,9.19,3.69,8.43,12.58,17.39,5.39,4.57,3.92,8,7.47,7.13,5.75,5.9
54,1,2,2,4,2,7,1,4,2,5,6,4,2,4,2,5,2,3,5,4,NA,3,3,4,4,2,5,4,2,4,5,5,5,NA,4,3,1,3,1,1,1,1,3,2,1,1,3,4,4,1,0,2,2,1,2,1,1,3,1,2,2,1,2,1,1,0,0,0,1,3,8,1,3,1,810.06,4.33,9.4,14.76,7.99,10.78,12.8,14.59,7.6,15.15,7.2,47.72,47.76,9.94,20.13,15.43,71.63,52.88,30.98,11.89,14.82,22.07,30.41,27.77,20.74,11.54,9.27,44.42,33.1,21.39,14.73,7.24,14.72,13.25,14.66,11.49,7.55,9.04,10.94,19.81,17.42,5.03,11.26
57,1,6,2,4,2,9,3,5,4,4,3,4,3,3,3,4,2,2,2,3,NA,1,3,3,3,3,2,5,3,5,4,100,5,NA,3,5,2,3,2,1,1,1,4,1,1,2,3,5,3,8,0,2,3,2,2,2,2,4,5,2,2,1,2,0,0,0,0,0,0,10,9,1,1,2,1176.63,7.32,61.83,48,49.76,56.8,28.99,40.85,27.83,14.74,11.91,100.54,24.28,3.26,17.87,14.56,118.72,106.98,24.44,29.51,7.25,17.01,25.33,37.99,18.87,9.16,7.32,19.28,43.08,14.14,18.05,8.28,14.07,16.89,7.87,8.11,5.69,7.68,10.23,9.93,32.2,25.27,8.39
59,1,6,2,1,3,9,4,5,5,5,1,4,3,3,3,2,4,3,4,2,3,NA,4,2,2,3,2,3,4,3,4,4,NA,1,4,4,1,3,3,2,3,2,5,4,1,3,2,5,3,0,1,2,2,2,2,2,2,2,1,1,2,2,2,0,1,2,0,0,0,4,8,1,1,2,719.79,12.98,31.43,63.77,16.57,38.46,6.94,18.43,18.6,17.1,11.26,80.54,18.65,8.01,6.79,14.09,96.72,48.08,11.53,12.43,12.66,14.8,16.43,8.92,13.73,4.56,4.36,8.49,17.05,10.97,7.18,3.78,7.23,8.63,6.04,3.45,5.58,4.47,5.31,4.64,6.01,4.82,5.36
61,5,100,1,4,2,2,1,1,1,5,4,3,2,1,1,100,1,3,100,2,NA,3,2,3,3,2,5,5,1,5,3,5,3,NA,5,1,1,4,1,1,1,1,1,1,1,1,3,5,4,0,0,1,2,2,1,2,1,5,5,3,2,2,2,0,1,1,1,0,0,1,10,1,3,1,1597.96,3.23,47.01,14.49,43.89,263.09,48.72,153.86,34,14.36,12.11,89.91,11.1,18.76,9.7,22.78,109.36,71.44,42.51,30.25,31.03,16.85,11.35,17.6,10.04,7.73,12.65,11.77,308.04,14.8,8.36,5.99,24.06,8.34,4.77,4.92,4.69,4.83,8.03,8.49,7.31,6.63,5.19
62,5,6,1,2,2,8,2,7,8,5,7,4,3,0,2,2,4,2,2,2,NA,1,4,2,2,2,4,5,2,5,5,2,5,NA,3,1,4,1,4,1,3,1,100,1,1,2,2,4,3,0,1,1,2,2,1,1,2,1,1,3,2,2,2,1,0,0,0,0,1,2,8,1,1,2,2198.55,16.98,53.32,47.6,32.53,21.67,10.17,16.95,32.4,97.26,1129.78,139.3,11.52,11.64,19.77,8.11,37.04,118.95,33.45,15.91,6.87,118.18,9.44,22.39,8.79,10.34,7.83,15.52,21.68,10.45,23.71,5.64,8.8,9.42,5.18,5.43,4.1,4.82,14.94,5.61,5.27,5.94,10.04
63,1,6,4,2,1,4,2,1,1,3,1,4,1,1,3,5,2,4,4,4,NA,2,2,2,5,NA,5,2,2,100,2,3,4,NA,4,2,2,2,1,1,2,1,5,2,1,3,3,5,3,0,5,2,4,2,1,2,1,5,1,4,2,2,2,0,0,0,0,0,0,1,10,1,1,1,826.22,4.95,38.53,39.2,41.61,36.23,19.97,26.83,36.17,17.74,9.43,93.18,15.45,9.75,3.88,11.22,82.21,59.49,19,8.12,9.99,15.62,16.45,15.87,31.85,6.93,6.35,11.61,21.49,15.04,5.37,3.58,8.43,10.59,13.98,7.29,7.71,3.71,7.7,7.1,8.56,8.56,5.56
64,1,6,4,2,2,4,1,3,1,5,7,4,1,1,1,4,4,4,5,5,NA,2,4,4,4,1,4,4,2,5,4,4,5,NA,5,2,1,1,2,2,3,2,1,2,1,1,3,5,1,2,5,1,2,1,1,1,1,3,3,5,2,2,2,0,0,0,0,0,0,1,10,1,3,2,3096.46,16.59,235.22,92.26,131.39,102.06,56.12,82.48,76.81,50.47,66.56,290.76,58.66,22.96,38.15,70.73,319.22,267.9,103.85,43.78,28.8,88.16,56.86,101.17,30.23,24.02,43.62,61.68,66.11,44.15,19.98,9.11,20.09,25.33,12.42,11.4,9.76,13.78,22.84,15.58,28.18,21.69,21.72
65,1,5,2,4,3,5,2,5,2,4,1,4,1,1,2,5,2,5,4,4,NA,1,3,2,2,2,5,4,2,5,5,5,5,NA,4,1,1,1,1,2,3,1,2,3,2,2,2,5,2,1,2,1,2,1,1,1,2,5,3,4,2,2,2,0,0,0,0,0,0,1,10,1,2,2,2832.46,5.25,59.3,94.34,127.97,100.51,59.58,88.98,72.79,51.54,61.81,298.07,48.01,26.84,45.76,63.59,323.11,282.63,85.47,46.01,28.35,87.05,53.34,102.05,29.51,27.72,35.97,60.78,74.54,43.67,21.61,10.83,20.48,23,12.9,14.04,11.39,10.23,17.37,19.94,28.86,10.3,43.21
66,1,6,4,3,3,7,2,6,4,5,100,4,1,1,3,4,2,4,2,4,5,NA,4,2,4,5,5,2,4,5,3,4,NA,2,1,3,3,2,3,1,2,1,5,1,1,2,3,5,4,2,3,3,4,2,1,2,1,1,2,3,2,1,2,0,0,1,0,0,0,2,9,1,1,3,924.1,3.04,31.03,53.29,41.62,33.77,14.16,44.27,15.97,26.22,15.28,72.5,16.15,13.54,6.86,16.68,78.6,59.13,21.06,13.62,12.75,14.6,12.93,24.48,14.1,8.27,5.02,17.42,46.7,13,13.54,5.34,21.45,14.82,21.12,6.43,5.36,6.53,11.76,12.19,13.28,8.25,11.66
71,6,1,4,2,4,9,5,8,7,4,7,3,3,1,3,4,5,5,4,1,NA,1,5,4,4,3,5,3,3,4,4,4,5,NA,2,2,4,3,3,2,5,2,5,1,2,2,3,4,4,0,1,100,3,2,2,2,2,2,1,2,2,2,2,0,0,0,0,0,0,2,9,1,3,1,296.5,5.76,25.57,7.48,4.65,12.29,5.58,7.72,3.76,6.82,3.99,34.39,5.64,3.21,2.62,5.2,26.78,21.79,5.57,3.22,4.58,4.09,4.26,4.61,5.17,3.62,5.74,4.81,7.73,8.45,4.63,3.83,4.34,3.38,2.63,2.53,2.62,3.59,6.29,3.41,3.66,3.95,3.79
72,1,6,4,2,4,8,6,100,6,4,7,4,0,2,2,5,4,4,5,1,NA,2,4,2,2,2,5,3,2,5,2,4,4,NA,4,2,4,4,4,2,NA,2,5,2,1,2,3,4,2,2,4,1,2,1,1,2,2,1,1,2,2,1,1,1,0,0,0,0,0,4,9,1,1,2,1494.08,5.75,42.77,41.93,31.9,65.4,9.3,25.3,25.65,22.15,18.46,184.34,8.9,7.94,9.68,12.3,66.12,133.69,24.77,34.63,8.87,21.85,22.72,17.95,9.38,461.73,8.64,21.04,28.52,15.84,7.35,5.08,8.64,10.7,6.46,4.64,4.79,6.17,8.56,8.69,20.09,5.75,6.28
73,1,6,2,4,3,9,2,1,5,5,1,4,1,0,5,4,2,5,4,1,4,NA,4,1,1,2,5,4,1,5,4,5,NA,3,5,4,4,3,2,2,3,1,4,2,1,2,3,5,2,0,0,2,1,2,2,2,2,1,1,3,2,2,2,0,0,0,0,0,0,1,9,1,3,3,1333.06,11.18,42.31,45.14,27.97,64.12,13.77,65.55,19.76,43.65,11.18,256.33,8.84,6.32,8.24,26.8,201.19,83.04,65.25,13.08,8.1,27.56,14.1,23.92,10.06,6.28,6.27,30.21,22.42,17.66,13.07,3.54,20.33,19.28,8.34,17.75,5.1,15.54,8.95,8.3,7.8,6.06,7.8
76,1,6,3,4,2,10,1,1,2,4,7,3,3,5,4,2,3,3,2,2,4,NA,2,4,4,4,2,4,4,4,4,3,NA,2,2,2,1,2,2,4,2,2,5,3,1,3,3,4,3,0,2,3,4,2,2,2,1,2,2,1,2,1,1,1,0,1,0,0,0,8,7,1,1,3,1117.99,12.71,64.98,110.82,22.4,50.75,18.57,20.41,33.74,17.15,14.47,65.46,16.8,7.79,6.89,15.02,77.49,126.15,12.34,41.71,8.99,13.38,10.91,13.79,10.57,8.21,11.66,51.36,60.89,21.08,10.42,5.54,10.39,8.66,14.01,5.04,6.67,5.55,11.43,25.33,14.02,6.63,33.25
78,1,8,NA,NA,3,9,2,5,4,4,100,4,4,7,2,5,3,4,2,2,NA,3,4,3,2,2,4,4,2,5,4,2,3,NA,4,2,2,2,2,2,2,1,5,2,1,1,3,3,4,0,2,2,3,2,2,2,2,3,3,4,2,2,2,0,0,0,0,0,0,1,10,1,3,3,1432.97,18.71,74.68,74.04,43.88,29.67,18.24,38.01,46.98,20.52,11.89,85.86,25.46,22.58,16.45,29.93,119.09,109.84,24.64,10.88,39.32,95.88,17.83,29.42,44.29,14.19,16.53,19.28,41.26,38.23,17.03,12.78,15.12,32.54,12.5,8.65,9.94,8.35,26.92,18.14,15.21,13.26,9.96
90,1,5,2,4,3,5,2,5,2,5,1,4,0,0,4,5,2,5,4,5,NA,1,2,2,2,2,5,4,2,5,5,5,5,NA,3,2,1,1,1,2,3,1,2,2,1,2,2,5,2,1,2,1,2,1,1,1,2,5,4,3,2,2,2,0,0,0,0,0,0,10,10,1,2,2,1629.46,2.09,15.34,9.04,17.85,16.94,40.97,18.57,18.13,204.97,13.16,576.02,20.07,4.69,10.97,39.24,222.62,142.21,7.2,3.13,10.54,4.76,6.41,5.92,6.67,10.77,9.02,5.3,38.87,17.04,5.96,6.11,7.06,7.69,18.61,7.46,4.98,10.11,11.33,28.38,5.33,3.19,7.94
91,1,8,2,3,3,9,3,6,4,5,7,4,2,6,2,4,4,5,4,3,NA,2,4,2,2,2,5,4,2,4,4,2,4,NA,4,3,2,2,2,2,2,1,5,4,1,1,3,4,4,0,2,2,2,2,2,2,2,NA,NA,NA,2,2,2,0,0,0,0,0,0,10,10,1,3,2,605.03,2.65,27.83,20.37,13.37,10.84,10.73,16.51,10.64,18.98,10.22,81.5,7.72,9.42,8.76,10.67,90.28,46.32,12,3.68,14.22,5.92,8.46,5.69,7.93,12.03,5.6,5.68,14.04,7.64,3.81,4.97,12,10.01,10.98,9.3,4.85,5.55,11.27,10.87,9.59,5.09,4.34
92,1,5,4,2,3,8,1,3,3,4,7,4,1,1,4,4,4,5,4,3,5,NA,3,3,5,3,5,3,3,4,4,4,NA,1,3,2,1,4,3,1,2,1,5,2,1,2,1,5,4,4,5,1,3,2,2,2,2,1,2,1,1,1,2,0,0,0,0,0,0,1,10,1,3,1,858.41,2,36.47,32.76,40.8,29.96,20.72,21.89,27.71,16.68,10.14,91.83,18.95,12.43,13.15,22.69,77.06,59.74,17.28,15.78,9.41,16.59,36.41,32.48,11.76,8.19,5.91,11.85,37.06,14.14,9.39,5.16,9.49,11.09,7.99,5.25,4.67,7.11,7.74,9.6,10.88,9.01,5.64
93,6,1,2,3,3,9,2,4,3,5,6,4,0,1,1,5,4,5,5,5,NA,2,4,2,1,1,5,5,2,5,5,5,4,NA,5,2,1,1,1,1,1,1,5,1,1,2,2,5,3,1,1,1,2,2,1,2,2,2,2,4,2,2,2,0,0,1,0,0,0,1,10,1,3,1,746.22,13.39,42.9,44.1,26.76,35.01,11.17,31.11,19.09,16.78,13.38,83.38,7.36,6.53,9.38,9.96,57.07,41.08,27.54,8.31,7.09,15.13,26.41,22.8,8.05,4.75,5.99,9.77,21.08,11.71,7.14,8.62,11.17,8.96,9.34,7.15,4.5,6.46,6.39,8.08,8.82,6.92,4.91
94,1,5,1,3,4,9,7,5,9,2,6,4,1,3,2,4,2,5,4,4,NA,2,4,3,4,3,4,3,3,2,4,5,5,NA,4,1,1,1,2,1,NA,3,5,2,1,2,1,2,4,0,1,1,1,2,2,2,2,5,2,2,2,2,2,0,0,0,0,0,0,1,10,1,1,2,1631.83,6.04,73.3,89.62,61.34,58.15,38.78,59.26,29.33,44.66,47.53,140.15,34.16,42.6,34.59,32.25,87.17,82.35,53.64,40.85,16.03,22.32,73.69,50.93,23.56,10.1,11.27,17.7,48.63,32.86,12.06,7.2,22.58,15.99,11.23,10.82,9.07,11.62,31.48,12.79,14.04,25.22,15.05
95,2,1,3,4,3,9,1,7,3,5,1,4,7,6,5,1,1,5,2,4,5,NA,1,1,1,4,2,5,1,5,5,5,NA,1,2,1,2,2,1,1,3,1,5,1,1,2,1,3,2,0,30,1,2,1,1,1,1,1,1,1,1,1,2,1,1,0,0,0,0,1,9,1,1,1,1122.03,23.87,41,29.31,29.54,57.72,33.6,41.66,70.7,30.07,13.4,250.2,19.97,12.88,9.78,9.2,86.94,133.15,41.78,6.27,3.15,4.12,13.64,20.25,10.28,4.43,8.71,10.44,20.41,6.94,2.5,5.45,10.45,3.45,7.74,4.69,4.39,4.71,4.12,11.59,5.07,3.77,5.6
96,1,6,4,2,5,9,5,5,8,4,9,4,1,1,2,4,4,4,2,2,NA,2,4,2,3,3,2,4,2,4,4,3,5,NA,4,2,1,2,2,2,2,2,4,1,2,3,3,4,4,0,2,3,3,2,1,2,2,2,2,1,2,2,2,0,0,0,0,0,0,1,10,1,3,2,918.73,20.42,61.2,37.45,26.33,37.64,21.92,60.11,33.66,29.98,13.24,71,32.12,14.06,11.5,20.67,62.47,51.35,30.5,11.66,10.69,14.76,16.84,24.96,12.64,12.07,8.09,19.36,22.77,14.16,7.5,9.88,10.11,9.29,7.78,7.51,5.82,6.27,11.1,6.12,7.45,7.9,14.83
97,1,6,4,2,1,9,1,2,1,2,9,4,2,1,4,5,2,5,5,2,NA,3,3,2,2,3,5,NA,2,3,2,5,5,NA,5,2,3,2,1,2,NA,1,5,2,2,1,3,4,3,0,9,1,2,2,2,1,2,4,1,1,1,2,2,0,0,0,0,0,0,1,10,1,3,2,1491.2,9.98,45.84,223.77,73.75,48.99,20.56,41.24,26.18,35.78,22.81,114.64,27.74,8.3,36.99,23.02,105.8,163.04,35.72,14.79,23.91,45.81,17,45.44,16.28,17.57,10.43,24.11,37.16,21.3,10.1,6.62,17.32,14.04,12.57,7.71,8.47,12.98,16.1,11.56,14.88,8.21,7.29
98,6,2,2,3,4,10,4,4,7,4,2,3,2,3,4,4,2,5,2,2,NA,2,NA,2,4,4,5,2,2,4,4,2,5,NA,2,2,4,3,2,2,2,2,4,2,2,2,2,5,2,1,0,1,3,2,1,2,2,4,2,1,2,2,2,0,0,1,0,0,0,1,9,1,3,2,902.27,19.41,49.11,30.72,23.63,24.46,14.89,27.93,17.77,20.18,18.91,229.18,11.37,9.4,7.97,10.08,49.52,66.4,13.74,10.62,7.71,9.95,14.22,12.22,6.29,6.86,6.45,10.63,18.18,9.48,5.33,4.66,10.63,15.37,8.7,9.37,7.89,25.11,9.38,6.09,8.27,6.44,6.01
102,1,6,4,2,3,9,4,5,8,4,4,4,1,2,2,4,3,4,4,1,5,NA,4,2,3,3,4,4,3,4,5,4,NA,1,5,2,1,2,2,2,2,1,4,1,1,1,3,4,4,0,2,3,2,2,2,2,2,3,2,1,2,2,2,0,0,0,0,0,0,1,10,1,3,2,450.59,2.83,14.33,16.68,22.88,14.52,13.95,14.04,8.73,25.23,10.69,33.22,14.82,5.37,11.47,27.74,39.84,35.11,9.08,6.42,15.38,5.18,5.1,7.72,5.46,4.95,7.1,4.26,11.41,5.33,5.91,4,2.9,5.03,2.33,3.28,2.85,3.37,4.76,4.33,3.53,3.65,3.45
104,1,8,1,4,2,8,3,2,5,5,100,4,0,0,2,5,1,5,3,4,NA,3,1,3,2,2,5,1,2,5,1,5,5,NA,4,1,1,5,1,1,1,1,1,1,1,1,2,5,1,4,0,3,2,2,1,2,2,3,2,4,2,2,2,0,0,0,0,0,0,1,10,1,3,1,1245.47,3.36,142.27,238.61,31.04,48.48,8.84,52.27,22.66,21.01,18.04,144.1,18.55,24.27,26.94,32.97,84.56,48.18,29.38,12.11,24.69,14.06,13.75,10.74,9.48,5.99,12.85,13.67,16.36,11.71,6.25,5.06,8.23,10.65,6.55,5.6,5.54,4.8,5.79,5.47,6.72,5.14,6.17
105,1,6,2,4,3,8,2,2,5,4,1,4,2,3,2,4,2,4,4,1,NA,1,4,3,3,3,3,4,1,4,2,2,5,NA,4,2,2,3,2,1,2,1,5,1,1,1,3,5,1,0,6,2,2,2,1,2,2,2,4,1,2,2,2,0,0,0,0,0,0,2,9,1,3,2,676.81,9.14,48.59,41.03,24.14,25.15,10.78,16.85,17.86,10.41,8.61,52.02,11.91,9.82,7.61,7.19,43.58,37.8,9.83,12.16,8.36,12.84,16.41,20.77,9.32,7.9,7.56,12.92,21.39,15.43,9.37,6.12,12.17,8.29,10.54,7.65,22.47,9.59,6.85,9.19,14.03,4.96,15.16
106,5,2,1,100,3,5,2,4,1,4,2,3,4,4,4,3,3,5,3,5,4,NA,4,5,5,5,5,3,5,3,4,2,NA,3,5,3,1,2,2,2,3,1,5,1,4,1,3,5,2,0,10,2,3,2,2,2,2,1,2,2,2,2,2,0,0,0,0,0,0,1,9,1,3,1,1698.98,69.48,107.78,43.9,119.63,44.4,38.58,56.8,48.21,23.93,10.61,228.41,24.03,13.22,21.83,35.66,118.1,93.59,70.12,17.66,52.97,19.96,18.52,34.86,47.97,11.54,7.99,14.36,35.01,13.4,9.74,8.43,23.27,18.49,8.84,7.6,4.92,7.62,8.64,41.31,97.98,9.5,6.27
107,7,2,2,4,4,10,1,3,2,3,9,3,6,7,3,1,4,4,1,1,3,NA,1,1,1,4,1,1,3,5,3,4,NA,2,3,1,3,3,3,1,3,2,3,4,1,2,1,2,2,1,5,1,1,1,NA,2,2,NA,3,4,1,1,1,1,1,NA,2,2,1,2,4,2,1,3,728.07,3.01,18.84,15.48,11.3,18.82,9.28,121.89,12.76,7.22,7.5,38.55,40.08,12.16,16.94,6.9,38.68,50.8,11.61,5.06,11.05,13.62,66.93,12.86,7.84,26.59,6.93,17.46,23.03,22.53,7.79,4.81,8.25,7.71,4.36,3.21,4.15,3.18,5.03,3.51,3.07,5.82,7.92
108,6,5,2,4,3,8,5,4,6,5,1,4,9,9,5,5,2,5,2,3,4,NA,3,3,3,5,5,5,3,5,4,4,NA,3,4,2,1,2,2,1,2,2,4,2,1,3,3,3,5,0,0,4,3,2,2,2,2,2,2,1,2,2,2,0,0,0,0,0,0,2,10,1,1,1,895.08,15.44,64.3,33.25,32.85,30.11,10.24,26.28,23.06,11.52,8.78,71.56,18.74,10.43,11.07,23.71,76.66,103.64,17.94,10.78,21.65,13.62,13.76,11.27,43.49,7.28,4.91,20.23,21.24,14.7,8.47,4.65,15.18,13.56,9.86,3.87,4.89,4.93,13.03,7.11,6.4,5.96,20.12
115,5,6,1,3,2,4,1,3,1,2,9,4,1,1,3,2,2,3,2,2,3,NA,4,2,2,NA,NA,1,3,3,1,3,NA,2,4,2,3,2,1,2,2,2,5,3,3,3,3,3,4,0,3,3,4,2,2,2,NA,2,2,4,2,2,2,0,0,0,0,0,0,2,2,1,3,1,554.58,1.6,6.54,7.72,7.28,9.56,13.56,6.23,6.93,6.49,11.46,45.67,4.28,4.96,3.47,1.55,52.27,43.94,20.76,3.58,13.44,16.78,11.57,13.78,14.89,17.19,6.16,14.29,25.31,13.02,7.06,3.77,21.32,15.53,9.36,5.35,7.53,7.85,20.96,5.06,5.92,13.38,6.11
116,6,1,3,2,1,8,2,7,5,5,9,3,5,5,3,4,2,4,4,1,4,NA,3,2,2,NA,NA,4,2,4,4,4,NA,2,4,3,2,3,NA,2,NA,2,5,4,2,3,3,5,1,3,2,2,2,2,2,2,2,3,4,5,1,2,2,0,0,1,0,0,1,3,10,1,1,2,1016.91,2.84,101.46,95.4,24.3,53.38,10.29,29.94,20.56,17.35,12.35,65.63,14.23,6.5,13.12,2.46,59.18,131.82,15.88,8.03,10.34,12.67,28.21,27.32,10.97,8.23,8.33,14.91,24.96,12.7,8.64,64.14,12.78,12.82,10.48,8.59,6.61,7.72,8.59,8.13,9.84,5.75,4.59
118,1,6,2,3,2,8,2,2,2,4,6,4,0,3,3,4,2,100,4,3,4,NA,2,4,5,3,5,4,3,3,5,4,NA,2,3,3,1,100,2,1,100,1,3,3,1,2,2,5,3,0,10,3,4,2,1,2,2,1,1,2,2,2,2,0,0,1,0,0,0,2,9,1,3,3,1931.38,72.2,152.57,118.23,145.3,87.2,22.37,43.12,28.79,34.52,28.46,190.03,27.41,13.53,97.16,45.63,103.58,128.13,48.54,15.83,18.02,33.13,70.74,66.18,26.43,11.83,12.39,19.16,53.09,19.2,13.8,15.87,24.07,13.26,21.41,8.09,7.52,7.29,16.71,17.22,21.64,6.67,14.98
119,1,2,4,2,4,8,7,6,5,4,6,3,1,1,1,4,2,5,3,2,NA,2,5,2,4,3,5,3,3,3,4,3,5,NA,4,2,1,1,1,2,3,1,3,5,2,2,2,3,3,1,6,2,2,2,2,2,2,5,5,4,2,1,2,1,0,0,0,0,1,3,8,1,3,4,4035.16,28.81,95.87,309.87,63.74,191,38.37,40.66,386.5,56.73,15.29,465.75,29.84,45.99,21.59,483.4,202.44,723.68,71.77,25.1,39.95,33.48,26.75,59.46,28.29,13.91,14.89,30.46,67.35,28.3,25.83,10.81,32.99,33.52,22.14,19.9,11.43,118.43,19.68,24.35,26.02,28.42,13.48
121,3,2,4,NA,2,6,3,4,4,3,9,3,2,2,3,4,2,5,4,3,NA,NA,3,2,3,3,5,3,4,4,4,4,NA,2,4,1,2,2,2,2,2,2,2,2,2,3,3,5,4,0,2,2,3,2,2,2,2,1,1,1,2,2,2,0,0,0,1,0,0,2,9,1,3,2,1555.39,2.18,273.7,29.44,28.44,30.25,17.95,18.96,402.51,27.34,10.47,130.63,23.66,13.87,14.74,17.9,119.89,37.85,18,16.74,14.24,28.95,15.46,33.5,9.67,8.28,7.11,12.17,57.66,12.54,8.93,4.73,14.35,10.67,8.62,8.93,6.55,5.3,7.97,11.06,7.71,11.85,10.44
123,1,2,4,2,3,8,3,5,5,4,7,4,0,2,2,4,1,3,1,2,NA,1,1,2,3,3,5,5,2,4,5,NA,5,NA,3,1,1,1,1,1,1,1,3,1,1,3,3,5,3,0,1,2,3,2,NA,2,2,5,1,2,1,1,1,1,0,1,0,0,0,3,7,1,3,2,1114.34,6.59,22.8,124.92,34.01,53.86,133.82,20.72,41.86,31.85,16.48,109.34,13.99,8.44,22.49,16.24,114.95,29.6,17.15,17.95,10.82,17.71,12.57,17.59,8.69,11.06,6.83,11.61,17.18,20.98,25.38,5.88,11.19,18.4,10.61,10.31,8.07,5.99,8.27,8.67,9.58,6.86,8.36
124,6,1,2,3,2,8,5,7,6,4,7,4,2,3,2,4,2,5,4,3,NA,2,3,3,3,2,4,4,2,4,4,4,5,NA,4,2,3,NA,2,2,100,2,5,3,2,1,3,5,3,1,0,2,2,1,1,2,2,3,1,3,2,2,2,0,0,1,0,0,0,1,10,1,1,1,1376.31,3.6,37.14,22.37,11.82,28.6,15.01,24.66,30.57,52.51,7.23,64.81,20.72,7.26,7.87,13.77,416.29,94.54,24.17,15.6,6.35,9.55,9.46,54.4,22.89,48.13,4.44,79.57,36.7,9.58,31.68,5.53,9.05,9.1,6.63,6.64,42.65,6.92,10.62,8.69,42.07,10,3.28
125,1,2,4,3,3,2,2,6,4,3,2,3,7,4,2,2,2,4,3,1,NA,2,2,2,100,2,5,4,4,2,4,4,2,NA,4,2,2,2,2,2,2,2,4,3,2,2,3,5,1,NA,NA,1,2,1,1,1,1,2,2,4,1,1,1,3,3,3,3,1,1,5,6,1,1,3,874.09,12.82,43.5,24.44,26.21,23.77,14.93,40.39,12.96,21.28,12.71,79.79,21.64,23.39,23.09,9.4,123.43,48.19,13.94,8.44,9.11,12.4,4.62,3.72,11.57,8.88,14.45,18.42,30.48,16.09,7.7,10.19,12.37,12.74,10.42,5.71,7.6,13.15,9.55,6.53,21.68,9.75,12.78
126,1,2,100,NA,1,9,2,3,2,5,100,4,1,1,4,5,2,4,5,3,NA,2,3,2,2,3,4,5,2,4,5,3,4,NA,4,1,2,1,1,1,100,1,5,1,1,2,2,4,3,0,0,1,3,2,2,2,2,2,1,1,2,2,2,0,0,0,0,0,0,1,10,1,2,1,920.77,17.31,12.32,12.18,9.6,16.66,13.15,8.49,9.6,9.47,4.69,54.9,4.73,14.84,19.44,28.26,82.24,146.55,28.22,23.15,15.44,19.99,26.19,54.15,19.82,9.9,9.76,39.67,39.34,15.73,7.18,3.38,11.67,17.95,10.02,6.89,5.97,8.38,15.97,21.04,12.77,8.04,5.44
132,2,3,4,NA,2,6,3,4,3,3,9,3,2,2,3,4,2,4,4,3,NA,3,3,2,3,3,3,3,3,4,4,3,4,NA,3,1,2,2,1,1,1,1,1,1,2,2,2,4,4,0,2,2,3,2,2,2,2,1,1,1,2,2,2,0,0,0,0,0,0,2,9,1,3,2,406.46,8.37,5.42,3.8,5.44,11.83,3.84,6.44,12.52,7.56,7.23,40.08,8.52,4.25,4.46,4.13,72.08,24.05,13.49,3.66,5.91,9.12,5.53,9.69,9.34,5.81,5.75,4.77,8.85,10.48,5.45,6.65,9.07,5.68,5.36,6.17,5.16,5.2,7.24,6.78,7.32,6.72,5.08
133,1,5,3,1,3,9,2,4,6,3,6,4,1,2,3,4,2,5,2,1,5,NA,3,4,4,5,5,5,3,5,5,3,NA,3,2,2,1,3,1,1,1,1,4,1,1,1,3,5,4,0,0,2,3,2,1,2,2,1,1,1,2,1,2,0,0,1,0,0,0,1,9,1,3,3,643.25,17.81,25.16,30.8,23.83,24.49,9.49,16.01,21.75,25.44,27.08,62.83,13.38,20.19,12.32,9.72,52.08,32.1,11.82,11.92,9.87,9.85,9.44,10.29,8.14,6.99,4.62,10.78,18.74,12.44,7.4,4.59,7.6,10.6,8.01,3.95,5.86,3.87,7.32,8.96,7.39,10.45,4.44
134,2,3,4,3,2,6,3,4,3,3,9,3,1,1,3,4,2,4,4,3,4,NA,3,2,3,3,3,3,3,4,4,3,NA,2,3,1,1,1,2,2,2,1,2,2,1,3,3,4,4,0,2,2,3,2,2,2,2,1,1,1,1,2,NA,0,0,0,0,0,0,2,9,1,3,2,468.55,9.86,7.74,31.55,11.85,8.9,5.22,6.24,9.89,5.65,7.97,29.9,9.81,3.52,3.78,3.31,47.19,30.45,7,9.52,8.62,10.18,9.96,7.46,5.44,4.1,5.34,3.58,6.31,8.9,4.33,1.42,5.88,8.54,11.89,25.92,50.9,3.53,6.69,5.59,7.65,8.81,4.6
135,1,6,4,2,100,8,2,3,4,5,100,3,0,2,2,4,2,5,4,3,NA,NA,3,2,3,1,5,4,2,3,4,4,NA,2,4,2,2,3,2,2,1,1,4,2,1,1,3,5,3,0,0,1,2,2,1,2,1,3,2,2,2,2,2,0,0,0,0,0,0,1,10,1,3,2,941.53,21.72,62.57,40.23,42.59,50.29,16.92,28.87,27.87,19.29,10.15,78.71,10.92,9.53,10.26,18.45,74.66,64.22,26.87,14.25,9.9,18,13.17,37.12,12.89,8.32,7.32,15.31,25.24,17.52,9.94,5.6,13.42,13.23,10.21,6.74,9.93,8.95,30.01,8.54,9.88,10.88,8.04
137,1,6,1,2,NA,6,4,4,6,3,9,3,0,0,4,4,2,NA,4,NA,NA,NA,4,2,100,3,NA,4,2,4,4,4,4,NA,4,3,NA,3,3,3,3,2,NA,2,3,3,3,4,5,0,0,3,3,2,2,2,2,3,3,4,2,2,2,0,0,0,0,0,0,1,7,2,3,3,1114.61,7.48,71.45,69.07,78.04,43.26,16.02,45.3,22.24,21.01,11.52,100.72,17.94,26.07,30.67,17.01,67.85,67.9,25.28,11.22,15.14,18.35,13.28,19.25,14.18,11.85,9.41,32.33,34.25,22.66,13.37,7.88,20.62,13.13,11.56,10.55,9.27,10.49,22.11,14.56,18.96,9.56,7.89
138,3,6,2,1,3,6,4,5,3,4,4,4,0,0,4,4,2,100,4,3,4,NA,3,3,4,3,100,4,2,3,4,4,NA,2,4,2,1,2,1,2,2,2,4,2,1,1,2,4,2,0,5,2,3,2,1,1,2,3,1,2,2,2,2,0,0,0,0,0,0,2,9,1,3,2,1691.04,24,67.32,87.17,49.97,102.5,18.91,70.07,36.84,28.03,20.47,165.37,42.42,14.44,28.49,65.77,167.38,120.41,46.65,21.84,31.92,29.18,30.17,59.69,21.47,17.02,7.8,48.24,60.01,19.24,14,4.8,14.69,19.44,29.17,9.95,9.66,9.18,19.9,13.97,12.65,15.5,9.84
141,1,6,1,2,2,10,2,3,3,3,1,4,0,NA,4,5,2,5,4,2,NA,2,2,2,2,2,5,5,2,5,3,5,5,NA,5,1,1,2,NA,2,3,1,5,2,1,1,2,5,3,0,2,1,3,2,1,2,2,3,1,4,2,2,2,0,1,0,0,0,1,1,10,1,3,2,1265.48,12.23,50.45,63.79,73.08,50.13,10.95,48.48,25.8,50.09,4.02,114.93,25.69,12.46,9.23,64.47,110.14,120.95,30.1,21.54,8.74,47.52,26.28,30.89,15.48,10.58,7.99,14.42,31.28,16.94,6.69,6.58,24.97,12.95,11.17,8.15,7.19,15.14,8.39,11.05,10.12,8.25,7.15
143,3,6,1,2,1,8,2,2,5,3,6,3,4,4,2,4,3,5,4,1,5,NA,4,3,3,3,1,4,3,2,4,4,NA,2,4,3,2,3,3,3,2,1,5,4,3,1,1,4,1,0,2,3,3,2,2,2,2,1,2,2,1,2,2,0,0,0,0,0,0,1,10,1,3,2,1153.1,33.32,99.15,38.47,39.52,68.25,23.01,43.11,24.41,23.91,18.65,112.95,17.94,6.36,7.44,14.33,67.22,146.16,19.15,62.24,33.99,14.22,11.86,18.57,42.81,10.96,7.62,13.83,23.57,11.48,6.47,4.55,18.35,8.56,6.57,4.66,5.26,7.61,7.57,9.04,6.06,3.92,6.74
144,6,1,1,2,3,8,6,7,6,4,7,4,2,3,2,4,3,5,4,4,NA,1,4,2,2,2,2,4,2,5,5,4,5,NA,5,3,2,4,2,3,NA,2,3,4,2,2,3,4,3,0,6,1,3,2,1,1,2,2,2,3,2,2,2,0,0,0,0,0,0,1,9,1,3,2,1862.63,19.82,49.57,68.17,36.24,78.99,20.37,48.36,47.33,38.18,20.55,100.49,12.63,10.34,20.83,9.38,90.91,233.08,32.25,37.65,25.95,40.08,32.24,36.22,24.07,30.9,11.2,34.37,114.36,21.04,13.86,7.85,42.76,28.28,13.33,11.48,10.73,12.92,78.46,14.77,26.3,10.54,13.55
146,6,8,2,1,2,8,4,5,5,5,9,4,1,4,2,5,2,5,5,2,NA,2,3,2,3,3,5,4,2,4,4,4,5,NA,3,2,2,2,3,2,2,2,5,3,1,2,2,5,3,0,1,4,4,2,1,1,2,2,2,1,2,2,2,1,1,1,0,0,0,2,10,1,3,2,942.23,22.19,49.85,22.8,28.22,21.99,64.44,28.78,20.8,30.52,15.64,151.52,14.37,8.48,12.11,13.71,93.9,38.17,42.91,8.6,9.12,12.03,14.34,18.01,8.91,41.19,4.37,8.24,27.15,11.35,6.29,3.9,9.57,12.39,9.43,5.78,4.57,4.17,9.13,7.29,6.71,9.87,6.59
147,1,2,2,4,100,7,1,7,1,4,6,4,2,2,3,3,2,5,4,NA,NA,2,3,2,3,100,5,2,NA,3,3,NA,4,NA,4,3,NA,2,3,NA,NA,1,2,NA,2,1,3,5,2,2,1,100,3,2,1,NA,2,1,1,3,2,2,2,0,0,0,0,0,0,1,9,1,3,2,816.64,1.99,27.73,24.94,34.19,33.32,11.77,23.54,25.03,10.81,10.44,71.98,12.1,9.16,12.96,23.65,101.7,56.63,23.2,12.45,17.22,20.28,16.99,16.93,15.6,12.19,7.12,12.89,25.23,14.48,6.05,4.42,9.3,12.29,8.07,4.82,5.32,6.77,10.27,40.1,9.23,4.39,3.95
149,6,5,4,2,3,8,3,4,3,5,6,4,1,2,3,4,2,5,4,2,5,NA,NA,2,2,2,5,3,2,4,4,4,NA,1,3,2,1,1,2,2,100,1,5,4,1,3,2,4,4,1,7,1,2,2,1,1,2,5,5,2,2,2,2,NA,0,0,0,0,1,1,10,1,3,3,1300.69,6.21,10.34,25.82,85.67,18.87,15.48,36.17,15.46,12.35,7.56,158.8,14.94,6.47,10.53,11.5,284.35,111.62,19.88,13.71,14.42,11.66,12.63,23.07,10.22,6.67,8.94,27.11,52.21,64.17,36.38,7.65,29.56,14.76,8.98,6.67,6.49,10.46,27.79,24.48,14.08,6.94,6.02
150,1,6,2,4,100,9,1,1,1,5,2,4,0,0,3,4,3,4,2,1,5,NA,3,5,5,5,1,4,4,4,5,100,NA,2,1,2,2,4,2,1,2,1,4,1,1,3,3,4,5,0,0,2,4,2,2,2,2,4,3,3,2,1,1,0,0,0,0,0,0,5,7,1,1,2,1372.22,21.44,62.49,77.26,75.6,68.84,31.15,31.85,48.1,18.55,13.97,112.18,16.22,10.57,12.22,17.44,158.05,244.65,18.48,13.36,20.56,15.29,21.07,12.22,10.09,6.68,5.86,20.84,25.68,15.74,9.11,6.77,9.03,14.34,9.31,11.66,9.68,11.73,16.27,9.99,10.86,9.66,6.98
153,1,6,2,NA,3,8,2,5,NA,5,100,4,1,4,3,5,4,5,5,2,3,NA,3,2,3,5,2,3,2,4,5,3,NA,3,5,2,2,2,1,1,1,1,5,2,1,3,3,5,2,0,4,1,2,2,1,2,1,3,1,1,1,2,2,0,0,1,0,0,0,1,10,1,1,2,720.92,13.52,56.29,31.15,20.46,37.38,7.7,25.56,22.44,21.26,8.7,70.98,17.87,9.57,12.06,10.14,58.96,44.57,17.55,6.69,6.83,16.74,15.38,25.65,9.32,5.91,7.25,12.83,16.6,14.97,8.42,4.05,8.06,12.95,11.85,4.86,4.12,3.67,7.19,9.47,6.29,4,6.69
154,1,6,1,2,3,7,2,8,2,3,2,3,1,3,4,5,2,5,4,2,NA,4,2,2,3,2,4,5,2,5,5,4,5,NA,4,1,2,2,1,2,2,1,5,3,2,3,2,5,1,0,1,1,3,2,1,2,2,3,2,1,2,2,2,0,0,0,0,0,0,1,10,1,1,1,932.04,15.66,53.94,47.07,30.26,33.08,12.65,35.6,37.31,23.22,14.71,70.62,11.7,13.5,7.09,33.71,101.99,63.03,28.77,9.85,19.79,11.38,18.82,17.36,8.36,7.87,7.46,12.84,22,10.74,10.69,4.24,13.38,15.18,10.93,8.34,8.31,6.26,8.9,10.41,8.86,5.89,8.34
156,2,1,1,2,2,10,1,5,7,5,9,4,0,0,2,5,2,4,4,1,NA,2,3,2,1,2,5,4,2,5,2,4,5,NA,4,1,3,2,1,1,1,1,5,1,1,2,3,5,2,0,4,1,2,1,2,1,1,2,3,4,2,2,2,0,0,0,0,0,0,1,10,1,1,1,1147.43,4.17,27.18,20.18,65.86,38.07,10.13,20.32,49.43,15.97,3.8,102.32,13.49,10.36,11.92,12.01,289.65,109.8,19.15,14.5,8.03,18.23,31.11,16.18,10.98,9.27,5.8,17.37,31.28,17.61,12.59,6.58,11.59,10.25,13.87,16.57,3.85,5.81,7.68,6.85,13.86,7.38,4.61
157,1,5,4,2,2,6,2,3,2,5,9,4,2,3,2,5,2,5,4,4,NA,2,5,2,2,2,5,4,3,4,4,4,5,NA,4,1,2,3,2,3,5,2,5,2,1,1,2,5,3,0,3,1,2,1,1,2,2,2,4,4,2,2,2,1,0,1,0,0,0,1,10,1,1,1,764.48,7.95,48.33,32.95,11.35,20.32,8.33,19.05,15.15,15.31,9.85,67.34,6.08,5.4,8.67,11.13,53.65,68.92,147.14,16.79,6.55,11.52,13.81,27.13,6.19,4.67,4.65,10.36,13.95,10.4,7.78,5,6.42,6.81,7.35,7.96,3.42,4.3,7.74,6.41,5.78,5.96,4.24
159,1,6,2,1,3,10,5,5,9,5,1,4,0,0,2,5,1,5,5,4,5,NA,3,2,2,2,5,5,1,5,5,4,NA,1,5,1,1,2,2,1,5,1,5,5,1,3,3,5,1,10,1,1,1,2,2,1,1,2,3,3,1,2,2,1,1,2,1,1,1,2,9,1,3,1,2850.79,14.22,44.44,553.99,65.89,84.72,19.26,152.89,34.51,38.58,17.03,159.27,21.03,8.3,11.45,64.17,81.61,325.88,31.68,19.47,43.9,22.53,87.7,84.88,14.28,8.2,7.59,194.05,329.83,23.59,14.86,9.33,30.92,15.99,10.32,10.4,27.31,9.65,15.35,67.08,14.39,8.75,6.47
162,1,6,1,2,2,8,3,4,4,5,7,4,1,2,3,5,2,100,4,2,4,NA,2,2,2,3,3,3,3,2,2,5,NA,3,4,2,2,2,1,2,4,1,3,2,1,2,3,4,2,0,1,2,3,2,2,2,2,4,1,3,2,1,1,0,0,0,0,0,0,2,8,1,3,5,4881.34,2.82,12.58,8.67,73.25,21.52,27.79,8.36,5.46,22.65,47.92,825.32,40.77,67.74,220.95,6.96,310.1,1237.01,158.43,53.05,36.55,141.21,27.15,56.17,58.68,44.52,16.34,54.27,126.95,31.27,24.55,17.63,31.59,28.66,64.9,27.5,35.26,18.32,34.94,40.07,28.41,68.46,29.77
163,1,2,4,2,1,7,5,6,5,5,7,4,2,2,3,5,2,3,2,2,NA,2,3,2,2,2,3,4,1,5,5,4,5,NA,4,4,1,3,2,1,1,1,4,1,1,1,2,5,2,2,2,2,3,1,1,1,1,3,3,3,1,1,1,2,NA,0,0,0,0,3,8,1,3,3,1708.19,21.28,62.15,107.17,59.48,83.47,16.01,15.05,81.2,30.02,11.24,126.87,47.71,11.07,33.83,41.06,123.54,199.79,92.18,21.64,18.96,37.85,52.27,35.81,29.97,20.67,8.96,37.63,46.9,27.99,14.27,16.16,17.89,5.25,47.8,11.82,14.26,8.39,23.76,11.02,11.25,11.47,8.43
165,1,NA,100,NA,NA,NA,NA,NA,NA,NA,NA,NA,NA,NA,NA,NA,NA,NA,NA,NA,NA,NA,NA,NA,NA,NA,100,NA,NA,NA,NA,NA,NA,NA,NA,NA,NA,NA,NA,NA,NA,NA,NA,NA,NA,NA,NA,NA,NA,0,0,NA,NA,NA,NA,NA,NA,NA,NA,NA,NA,NA,NA,NA,NA,NA,NA,NA,NA,NA,NA,NA,NA,NA,204.76,5.85,30.43,12.21,8.15,6.81,3.74,5.58,3.41,9.16,6.1,3.04,2.11,1.86,2.07,9.77,3.68,2.05,2.46,1.7,3.12,4.54,14.61,14.44,3.69,3.27,2.38,1.95,2.83,2.27,1.04,0.83,3.61,1.94,1.77,1.63,1.73,1.9,3.22,1.84,2.66,2.08,1.49
166,1,6,3,1,2,9,3,4,5,3,9,4,0,5,3,4,2,4,2,4,NA,2,4,2,2,2,3,4,3,5,3,3,5,NA,2,2,2,2,1,3,2,3,5,5,3,2,2,5,4,1,1,2,3,2,2,2,2,1,4,5,2,2,2,0,0,0,0,0,0,3,6,1,1,2,921.1,5.01,56.5,31.18,63.77,46.22,10.65,21.01,33.27,16.37,18.09,96.37,25.26,10.55,16.11,13.57,75.41,57.41,24.28,12.4,7.23,14.37,12.85,18.21,10.13,6.26,3.72,14.32,45.48,21.44,23.48,8.14,6.33,8.81,20.03,7.13,4.11,8.88,15.34,9.39,7.29,4.44,7.24
167,1,6,2,3,2,10,2,9,9,3,4,4,0,0,2,4,3,4,5,2,5,NA,3,2,3,2,5,4,2,4,5,5,NA,1,4,1,2,1,3,2,2,1,5,2,1,1,3,5,3,0,5,1,3,2,2,2,2,2,1,1,2,2,2,0,0,0,0,0,0,2,10,1,3,1,759.77,7.91,43.22,39.74,54.64,29.12,9.75,19.62,21.35,18.38,15.14,57.04,11.86,10.16,14.61,11.44,52.33,37.59,18.34,15.19,11.97,14.46,12.43,17.44,8.05,6.34,6.17,10.58,13.76,14.37,7.04,5.29,11.05,10.66,8.97,6.9,6.54,12.2,10.3,9.52,11.26,7.21,4.66
168,NA,NA,NA,NA,3,9,6,7,7,4,4,3,1,1,2,4,2,4,3,2,4,NA,2,2,2,2,2,4,2,4,2,4,NA,2,2,2,1,2,2,2,2,2,5,2,2,3,3,5,3,3,4,2,2,2,1,1,1,3,2,1,2,2,2,0,0,0,0,0,0,1,10,1,1,2,773.56,3.51,22.17,20.62,15.44,18.24,12.17,14.24,18.69,14.24,16.85,110.74,34.22,10.36,22.11,25.42,55.21,56.08,17.61,11.63,15.37,10.35,15.15,11.66,20.51,67,11.18,8.88,10.83,13.14,7.32,3.06,6.34,6.63,6.81,5.16,4.93,5.46,12.09,6.58,13.29,3.59,3.87
170,6,8,2,4,2,9,4,6,5,5,100,4,0,0,3,4,2,4,1,3,NA,NA,4,2,2,3,3,5,2,5,5,4,NA,NA,4,2,2,2,1,1,NA,1,5,1,2,1,3,4,3,0,6,100,3,2,1,2,2,2,1,2,2,2,2,1,1,0,0,0,0,2,9,1,3,2,1671.5,13.33,131.02,74.88,65.78,66.31,24.74,94.9,25.73,47.6,17.71,258.7,34.76,15.21,11,95.06,98.39,92.49,53.46,19.4,13.92,23.61,39.93,29.4,17.84,12.25,11.69,33.23,27.94,19.58,12.91,8.47,17.58,16.15,14.45,12.4,10.82,15.93,28.58,11.93,17.07,11.24,18.08
171,1,8,4,3,2,10,1,1,2,4,6,4,0,0,4,5,2,5,5,2,5,NA,4,3,3,3,5,2,4,4,5,5,NA,2,3,2,2,3,2,1,4,1,4,2,1,2,3,4,4,0,4,2,3,2,1,2,2,5,3,2,2,1,1,0,0,0,0,0,0,1,9,1,3,1,896.11,8.79,19.34,18.23,93.83,29.86,11.57,52.26,23.31,10.05,18.87,50.68,9.78,9.71,10.05,9.26,127.04,37.96,55.62,23.29,14.12,46.53,13.97,24.08,15.01,7.16,6.6,12.48,18.47,10.72,7.38,4.8,7.12,9.59,7.56,4.12,5.14,7.4,16.46,10.57,6.62,9.74,5.72
172,1,5,2,1,2,8,6,4,4,5,8,3,2,2,2,5,1,5,1,4,NA,4,4,3,4,4,5,5,2,5,4,5,5,NA,4,2,2,3,2,2,2,1,3,3,2,2,2,5,3,0,0,2,2,1,1,2,1,3,2,2,2,2,2,0,0,1,0,0,0,2,9,1,3,3,1568.05,41.92,115.02,49.86,51.58,73.59,12.18,130.53,215.02,39.95,41.38,120.91,50.34,16.86,13.92,18.68,76.14,58.71,22.13,27.69,10.85,20.93,22.77,45.12,26.78,9.73,15.48,16.45,35.31,14.67,11.41,9.83,11.54,15.27,16.75,9.86,10.62,14.04,13.06,12.89,13.46,9.13,7.57
173,6,1,3,2,3,9,2,3,4,4,6,4,1,1,4,5,3,2,4,4,NA,3,4,3,3,3,5,4,4,5,5,5,5,NA,5,2,1,4,1,1,5,1,5,2,1,3,3,4,4,0,5,2,3,2,2,2,2,2,1,1,2,2,2,0,0,0,0,0,1,1,10,1,3,2,865.34,34.16,53.47,28.59,21.37,41.63,12.78,19.09,28.99,14.44,8.01,81.45,14.86,11.5,13.88,17.23,56.71,99.25,25.42,9.84,10.54,22.21,12.48,16.13,19.21,8.07,4.89,9.75,30.86,10.67,8.33,4.39,17.84,12.7,8.98,7.65,7.25,17.79,10.47,7.45,9.78,5.94,6.1
174,1,6,1,2,3,5,8,7,9,3,6,4,3,3,2,3,2,5,2,2,NA,2,3,2,3,4,4,5,2,3,5,2,5,NA,4,2,2,3,3,2,3,2,5,3,2,2,3,5,2,0,1,1,4,2,2,2,2,1,1,2,2,2,2,0,0,1,0,0,0,1,8,1,1,1,778.4,2.49,53.85,49.65,27.89,33.82,26.49,22.48,21.8,18.03,10.1,76.43,10.69,8.39,7.3,10.79,60.09,83.82,22.38,13.43,7.59,13.09,14.6,20.78,10.01,4.94,5.54,10.54,18.56,13.07,4.17,3.52,7.98,11.37,10.13,10.32,6.46,7.3,6.17,7.37,7.47,6.91,7.2
181,1,2,3,4,1,8,4,4,6,5,100,4,1,1,3,4,2,4,5,3,5,NA,2,2,2,2,5,5,2,4,4,4,NA,3,4,2,2,2,2,2,2,2,5,3,1,2,2,5,3,0,0,2,3,2,NA,2,2,3,4,3,2,2,2,0,0,0,0,0,0,1,9,1,1,1,1297.69,19.59,49.89,46.86,28.64,29.62,21.95,36.92,24.59,25.76,14.78,251.36,16.89,7.28,11.47,38.67,115.29,65.35,20.09,18.43,36.34,24.24,15.26,26.03,14.47,8.42,64.41,18.3,106.1,18.16,8.06,4.81,10.24,11.53,11.95,6.73,6.79,7.36,10.82,11.59,13.32,8.04,6.82
184,1,6,2,4,4,9,3,2,6,5,4,4,0,2,2,4,1,3,3,3,5,NA,2,3,3,4,4,5,2,5,4,2,NA,1,4,4,3,2,1,1,1,1,5,2,1,3,3,5,2,0,2,1,2,2,2,2,2,4,4,4,1,2,2,1,1,1,1,0,1,3,10,1,3,3,1674.79,95.31,58.86,121.33,54.37,103.29,45.78,49.72,27.78,85.7,17.14,106.71,34.45,23.62,17.97,51.09,129.98,162.52,21.57,15.64,28.8,18.58,22.35,19.03,22.54,9.53,8.53,35.85,24.94,23.19,15.7,7.62,24.33,14.55,24.02,17.4,7.36,9.65,31.03,23.39,17.9,8.64,11.38
186,5,1,4,2,3,4,2,7,3,4,1,4,1,5,3,4,1,NA,4,2,NA,NA,3,1,100,2,NA,5,3,5,5,NA,NA,5,NA,2,NA,2,2,1,NA,NA,5,1,2,3,NA,4,3,0,0.5,3,NA,2,2,2,2,2,2,2,2,2,2,0,0,1,0,0,0,1,NA,1,1,2,1304.2,16.07,150.64,112.92,60.89,87.04,37.93,22.32,25.79,41.91,18.66,90.56,28.44,12.56,20.07,2.36,63.54,109.45,18.89,3.19,8.53,19.11,13.71,30.4,22.71,8.34,5.18,35,27.86,29.04,10.77,6.25,21.36,13.49,9.5,6.06,5.05,7.78,53.5,10.47,12.84,10.98,8.99
189,6,5,1,2,2,8,3,8,6,3,7,4,3,3,4,2,2,4,4,2,5,NA,4,2,4,2,4,5,2,4,5,2,NA,1,5,2,4,2,3,3,100,2,100,2,2,2,2,4,3,0,1,2,2,2,1,1,2,2,1,2,1,2,2,1,0,0,0,0,1,3,7,1,1,2,1418.28,2.93,9.89,9.66,4.26,8.39,7.23,14.18,11.78,13.65,7.22,51.72,16.19,13.26,13.32,10.25,35.24,344.6,405.49,4.05,4.74,6.71,6.17,5.43,14.15,6.38,5.82,93.81,11.44,9.71,168.72,5.37,4.18,3.81,8,42.16,3.37,3.41,11.1,4.2,3.47,3.33,3.93
191,1,6,2,4,2,9,5,9,4,5,3,4,1,0,4,5,2,5,2,3,5,NA,1,3,2,5,NA,3,100,5,3,5,NA,1,2,1,4,3,3,2,2,1,5,1,1,3,3,5,4,1,1,1,4,2,2,2,1,2,1,2,2,1,2,0,0,0,0,1,0,1,10,1,3,2,2761.1,114.91,21.44,209.49,110.72,173.74,90.91,208.93,166.64,58.3,8.89,368.35,88.51,45.62,112.39,6.23,388.46,110.74,50.52,14.27,14.4,24.13,22.8,34.24,18.46,15.23,11.52,27.69,34.58,44.99,18.35,7.01,9.88,13.37,14.16,7.45,11.56,16.22,8,13.2,19.06,7.87,12.8
192,1,2,4,NA,3,7,4,4,4,3,6,4,3,2,3,4,2,3,4,3,3,NA,2,2,3,3,4,4,3,3,3,3,NA,2,4,2,2,3,1,2,5,1,5,2,1,3,3,5,2,0,1,2,3,2,2,2,2,3,2,3,2,2,2,0,1,1,0,0,1,4,7,1,1,1,1446.01,5.62,64.56,180.72,32.16,58.5,14.29,138.19,27.02,21.87,14.2,96.77,23.77,14.57,7.04,34.27,110.33,164.95,20.94,11.07,11.09,19.74,19.66,28.4,15.8,7.28,6.14,16.52,55.73,17.27,11.81,5.13,24.47,29.29,25.44,8.36,4.85,13.74,17.64,18.57,22.52,8.68,12.13
196,6,5,1,4,3,8,6,8,6,4,6,4,3,5,2,4,3,5,3,2,NA,2,3,2,1,2,2,4,2,5,4,3,5,NA,3,2,2,2,3,3,5,3,5,3,2,2,2,5,2,0,22,3,2,1,1,2,1,1,2,2,2,2,2,1,0,0,0,0,1,2,9,1,3,1,1044.82,15.08,59.37,42.95,45.35,27.02,15.65,48.98,21.03,26.53,12.42,96.54,11.15,17.06,11.04,15.54,116.88,110.41,23.05,13.36,10.19,15.69,24.14,31.42,19.52,6.31,10.92,17.57,27.96,17.46,7.27,5.17,15.96,17.06,6.92,7.17,5.56,9.79,12.59,9.43,11.41,7.5,5.36
197,1,6,4,2,3,10,1,4,2,5,7,4,0,0,3,1,3,1,3,1,NA,1,3,1,1,4,3,3,1,5,1,100,5,NA,1,1,1,4,1,1,100,1,5,5,1,2,3,5,1,0,7,2,2,2,2,2,2,5,100,100,1,1,2,1,0,0,0,0,1,1,10,1,1,3,812.52,6.43,32.35,39.46,50.18,38.44,41.14,29.46,21.79,12.57,11.71,76.84,12.77,6.94,9.28,9.16,62.05,100.6,16.22,7.53,11.33,8.65,8.01,15.89,7.52,6.04,4.97,19.8,35.99,5.22,7.13,3.58,9.6,14.84,10.86,3.8,3.44,7.42,8.69,9.09,6.63,3.99,6.05
200,1,5,2,NA,3,8,2,5,3,4,100,4,0,0,4,3,2,5,NA,NA,NA,1,2,2,2,NA,4,4,2,NA,5,4,5,NA,4,1,1,1,1,1,100,1,100,2,1,3,3,5,NA,0,3,1,2,2,1,2,2,NA,NA,2,2,2,2,0,0,0,0,0,0,2,9,1,3,NA,2575.34,58.64,78.17,226.3,136.59,188.68,88.97,256.76,95.91,88.2,55.88,180.48,25.04,36.1,99.21,30.54,142.06,88.21,42.1,13.65,22.59,72.29,30.58,35.47,24.24,20.01,12.83,39.56,93.59,33.52,13.83,12.32,32.88,19.4,18.51,15.13,12.57,15.31,36.11,18.01,18.02,10.09,28.69
202,7,1,4,2,1,7,1,6,1,5,6,4,0,NA,3,5,2,5,1,2,NA,3,4,2,2,2,5,5,2,5,4,4,4,NA,4,3,NA,NA,NA,NA,NA,NA,NA,NA,NA,3,2,5,1,1,0,2,3,1,1,2,2,1,1,1,2,2,2,0,0,0,1,0,0,1,10,1,1,2,957.14,11.62,67.93,45.03,38.9,40.73,6.85,36.39,31.13,24.02,4.59,106.32,14.22,6.83,10.43,15.78,91.21,7.98,16.2,21.77,46.72,19.71,23.57,24.97,28.29,10.16,7.25,16.71,35.68,15.82,18.93,5.18,12.29,16.65,11.98,6.31,7.39,3.93,10.88,7.84,12.34,7.87,5.43
203,1,2,2,4,2,8,1,3,2,4,10,4,3,4,2,5,1,5,4,1,5,NA,2,4,4,3,5,5,4,5,4,4,NA,2,4,3,1,NA,1,2,NA,1,5,3,1,2,2,5,2,0,2,2,3,2,2,2,2,2,2,2,2,2,2,1,1,2,2,0,1,2,9,1,3,2,1450.59,5.74,35.77,34.99,51.55,31.11,20.61,33.62,23.91,40.55,24.91,88.32,16.57,9.8,12.07,23.14,112.57,69.21,75.32,16.66,8.59,14.42,12.02,13.01,58.25,19.17,8.2,12.72,450.52,13.25,8.58,8.33,9.72,8.25,10.18,5.46,7.63,8.45,8.85,14.45,8.09,6.27,6.5
205,6,1,1,4,3,6,5,6,6,3,7,4,0,0,3,2,2,3,2,2,NA,1,4,3,4,3,4,4,3,4,4,4,5,NA,4,3,2,100,3,2,2,2,3,3,2,2,2,4,4,16,21,3,4,2,2,2,2,1,1,1,2,2,2,0,0,0,0,0,0,1,8,1,3,1,729.22,17.04,24.66,27.77,31.08,20.91,10.02,11.31,21.78,14.26,43.17,58.92,11.15,6.28,9.86,10.23,56.56,77,31.94,6.43,7.02,14.46,33.55,19.38,6.8,9.8,5.41,7.48,18.56,11.74,9.41,5.49,8.33,9.48,11.99,3.97,5.78,5.26,7.11,6.34,11.6,10.74,4.79
206,1,2,4,2,2,8,1,4,3,5,9,4,0,1,4,5,2,5,5,4,NA,3,2,2,NA,2,5,4,3,5,4,5,5,NA,5,2,1,1,1,2,100,3,5,4,1,1,1,5,4,0,3,1,3,2,1,2,2,2,2,3,2,2,2,0,0,0,0,0,0,1,10,2,3,2,1337.46,225.91,38.29,56.9,66.72,65.17,26.17,47.46,26.96,32.83,25.87,100.71,28.53,5.23,5.78,14.63,98.51,126.49,17.91,4.95,11.68,35.05,25.72,30.07,26.52,9.73,8.02,16.26,34.47,14.34,7.14,4.16,8.88,10.77,8.32,5.34,5.33,6.15,11.48,10.41,9.78,6.72,13.07
208,1,6,2,3,3,9,2,3,3,4,2,3,5,5,2,4,3,3,3,4,4,NA,4,2,2,3,1,3,3,4,4,4,NA,2,4,2,3,2,2,3,4,2,5,2,1,3,3,5,3,15,7,1,3,2,2,2,1,4,3,2,2,2,2,0,0,1,0,0,0,1,9,2,3,3,1422.16,25.54,88.03,92.44,36.89,65.04,18.32,48.94,36.48,20.06,18.87,115.31,19.54,28.69,16.53,28.28,88.55,155.91,50.26,18.84,14.44,25.77,57.05,32.71,13.73,11.1,15.94,20.01,23.71,24.67,13.46,9.78,21.53,15.97,17.31,11.21,13.31,14.81,27.7,12.97,20.32,12.13,12.86
209,1,6,1,4,4,9,8,6,4,5,7,3,0,0,2,4,2,5,2,4,5,NA,4,2,2,2,5,5,2,5,5,4,NA,1,4,1,2,2,2,2,5,1,5,2,1,2,3,3,5,0,0,2,3,2,2,1,2,2,1,2,1,1,2,0,0,0,0,0,1,2,9,1,3,4,2545.13,3.79,71.55,77.36,80.63,96.9,31.92,41.3,132.06,300.87,28.96,187.38,33.88,134.4,69.33,45.05,205.05,148.08,145.38,25.15,26.29,30.92,23.39,60.58,49.61,21.9,16.48,30.64,27.97,66.69,18.17,8.97,50.96,15.3,14.73,13.85,23.34,24.09,80.84,14.68,17.17,27.61,13.23
211,5,6,2,4,3,7,3,3,4,3,4,3,3,6,2,3,3,4,4,2,4,NA,3,2,3,4,4,4,2,3,3,4,NA,2,4,3,1,3,2,3,3,2,5,3,3,2,2,4,3,0,0,1,2,2,2,2,2,2,1,3,2,2,2,0,1,1,0,0,0,2,9,1,3,3,1566.03,28.61,95.19,53.02,54.09,45.49,26.62,46.2,30.86,39.81,17.08,163.39,36.09,11.07,28.85,27.23,129.11,98.81,35.23,24.46,111.06,31.09,21.86,30.74,23.56,20.84,10.37,15.98,31.56,21.69,16.3,15.48,33.29,23.1,25.06,22.32,6.59,8.04,20.5,17.82,25.91,7.81,9.28
214,1,5,2,4,3,5,2,5,2,5,1,4,0,0,4,NA,5,5,4,4,1,NA,4,1,1,2,5,5,2,5,5,5,NA,1,4,1,1,1,1,2,3,1,2,2,1,2,2,5,2,1,2,1,2,1,1,1,2,5,4,3,2,2,2,0,0,0,0,0,0,1,10,1,2,2,1084.21,28.93,19.65,8,30.26,39.63,24.76,12.13,21.87,48.47,7.75,190.61,28.35,4.87,34.61,28.15,174.1,94.42,8.88,3.89,8.7,5.47,6.42,3.9,6.9,9.12,6.03,7.91,28.05,27.44,5.31,4.62,11.07,8.35,9.73,5.97,8.46,7.51,33.29,39.79,12.62,4.6,9.32
219,2,1,1,3,4,9,2,8,5,5,6,4,7,7,3,4,4,5,1,4,5,NA,5,1,2,2,5,5,4,5,5,4,NA,3,3,4,2,2,2,2,2,1,5,3,3,1,2,5,1,0,0,1,2,2,2,1,2,2,1,1,1,1,2,1,0,2,0,0,1,3,8,1,3,1,853.58,8.39,38.52,26.75,15.78,32.41,10.53,19.87,19.03,14.23,15.73,74.76,8.21,11.03,10.34,16.59,134.78,48.36,96.87,11.99,7.38,17.24,12.16,9.94,10.04,6.12,7.47,15.88,26.16,12.67,8.19,4.96,8.5,16.08,14.07,4.71,7.04,7.27,8.71,8.47,7.33,8.97,5.46
220,1,6,1,2,3,9,3,5,7,4,6,3,3,5,2,4,2,5,1,3,5,NA,3,3,3,4,4,4,2,5,4,4,NA,2,4,2,1,3,2,1,4,1,5,4,1,2,2,4,4,1,1.5,2,3,2,1,2,2,3,2,5,2,1,2,1,1,1,1,0,1,2,9,1,3,2,1687.92,37.05,55.61,71.58,42.15,44.17,23.55,41.47,53.6,53.6,33.11,112.5,22.39,23.05,14.83,33.04,93.61,210.7,38.41,13.06,17.99,20.17,52.51,73.35,24.46,8.88,8.02,16,54.42,39.24,28.52,11.63,39.46,37.57,20.36,11,22.13,15.37,29.9,17.08,19.49,8.18,12.79
222,6,1,4,2,3,8,4,7,6,4,1,4,1,2,100,5,4,4,1,2,NA,1,2,3,2,2,5,4,3,5,4,4,5,NA,2,2,1,2,2,2,4,1,5,2,1,1,2,4,3,0,0,2,4,2,2,2,2,4,100,4,2,2,2,0,0,0,0,0,1,2,10,1,3,3,1344.31,5.46,46.94,54.63,59.03,69.53,13.72,48.75,28.12,49.21,25.72,191.87,14.51,14.09,9.99,31.99,70.13,132.21,20.74,20.6,24.63,41.78,23.3,27.78,47.39,20.69,8.49,24.97,44.41,12.68,9.45,9.67,13.11,13.34,10.9,9.46,7.27,14.74,10.49,13.01,17.81,10.88,9.84
223,2,5,1,2,2,9,4,3,3,4,3,3,2,5,3,4,4,5,3,2,NA,2,4,3,3,4,5,5,3,5,5,4,5,NA,5,1,3,4,2,2,2,2,5,1,1,2,3,5,4,1,0,3,3,2,1,2,2,1,3,4,2,2,2,0,0,0,0,0,1,1,9,1,3,3,754.36,2.77,17.28,12.46,6.21,12.43,15.6,32.11,27.64,16.05,12.06,89.27,29.17,11.14,11.22,11.44,69.63,51.14,29.15,10.96,8.23,21.03,20.41,19.94,11.65,11.21,6.74,15.99,20.06,14.81,11.93,6.56,11.82,14.26,12.76,7.11,8.38,8.3,15.3,7.08,10.92,9.81,7.98
224,1,2,2,3,3,6,3,4,4,4,7,4,2,3,3,2,2,4,2,2,NA,4,3,4,4,4,5,3,3,NA,1,2,5,NA,2,2,2,1,2,2,3,2,5,3,1,3,3,5,2,3,5,1,3,2,2,2,2,3,3,3,2,2,2,0,0,0,0,0,0,2,10,1,3,1,1599.3,13.59,66.78,62.86,84.68,30.34,14.65,39.88,44.07,15.58,16.18,280.58,40.47,61.96,18.29,16.53,206.09,268.95,13.85,10.82,11.26,23.35,12.9,29.58,10.71,6.11,5.22,13.09,29.62,14.34,8.59,4.9,17.59,14.49,7.77,8.32,8.3,7.31,11.66,20.53,10.71,7.01,4.57
231,2,6,4,3,3,9,3,8,7,5,7,3,0,0,2,4,2,4,3,5,NA,2,4,2,3,2,2,5,4,5,5,2,5,NA,3,1,3,3,2,3,3,2,4,4,1,3,3,5,1,1,2,1,2,2,1,2,2,4,2,2,2,2,2,0,0,0,0,0,0,9,9,1,1,2,899.98,3.46,27.73,66.35,34.21,37.92,15.16,10.53,23.5,23.6,10.04,96.59,15.94,9.62,8.02,11.76,89.61,58.85,16.61,13.42,25.44,20.31,12.87,14.74,14.37,15.14,9.48,18.1,29.22,20.56,8.57,5,25.94,18.19,13.65,9.15,5.25,3.63,21.91,7.5,7.49,8.96,5.78
232,5,1,2,1,3,8,4,4,5,4,4,3,0,3,2,4,3,5,2,1,NA,1,3,2,2,3,5,4,2,5,4,5,5,NA,4,2,1,1,1,1,1,1,5,1,1,1,3,5,3,1,1,2,2,2,1,1,1,4,4,1,2,2,2,0,0,0,0,0,0,10,10,1,3,2,762.17,5.61,48.36,36.22,22.07,48.96,11.38,22.61,29.15,12.5,17.91,91.97,18.47,14.34,13.81,31.57,69.75,31.8,14.05,8.54,7.58,10.51,8.08,38.66,7.95,7.23,6.05,8.04,18.68,9.11,8.59,6.13,8.29,8.48,6.88,6.32,5.86,12.01,6.53,4.52,5.16,4.83,5.25
234,1,6,2,4,3,9,4,5,5,4,4,4,2,2,3,4,2,5,4,2,NA,2,3,2,3,2,4,4,2,3,4,4,5,NA,3,2,1,2,2,2,2,2,4,2,2,3,3,4,3,0,3,3,3,2,2,2,1,3,4,4,2,2,2,0,1,0,1,0,0,2,9,1,3,4,3673.36,25.69,320.7,115.5,73.7,102.42,57.74,228.31,84.53,78.19,33.55,260.81,78.62,25.58,29.11,44.23,263.87,261.71,92,73.96,77.06,83.51,65.58,93.86,94.8,19.63,20.86,61.34,155.39,45.07,40.56,24.99,54.61,125.83,112.29,36.56,28.8,24.16,30.45,20.54,34.89,43.64,7.61
236,1,6,2,3,2,9,5,4,6,3,100,4,2,2,2,5,4,5,4,2,5,NA,5,5,5,4,4,3,3,5,4,4,NA,1,2,4,2,1,2,2,2,2,5,3,1,2,2,5,4,2,1,3,4,2,2,2,2,1,1,3,2,2,2,0,0,1,0,0,0,1,9,1,3,3,1247.01,25.07,82.38,59.44,69.65,58.75,20.84,29.42,21.62,47.87,14.93,121.3,39.94,13.44,12.74,35.25,74.78,73.21,31.37,23.13,12.02,36.89,31.45,45.84,21.06,12.45,8.92,15.56,27.58,18.97,12.87,9.71,14.65,13.14,13.78,10.83,5.61,9.32,18.45,16,9.07,9.83,13.33
239,1,2,2,4,1,1,2,3,2,3,100,1,NA,NA,100,5,4,5,4,100,NA,4,100,1,NA,4,4,4,4,4,2,4,4,NA,5,4,4,3,3,4,NA,3,3,3,3,100,1,4,2,1,4,2,2,2,1,2,2,100,5,100,2,1,NA,0,0,NA,0,0,0,4,4,1,1,5,1002.35,14.04,132.25,31.5,29.98,33.35,11.47,21.91,19.82,NA,NA,22.17,7.98,5.96,5.87,10.23,16.31,25.13,5.18,6.31,10.77,11.8,87.12,12.32,8.98,12.81,7.96,15.92,15.39,15.57,9.95,40.17,11.61,44.55,8.74,90.93,12.26,93.29,9.41,8.99,6.29,8.54,21.75
240,1,2,2,3,4,8,2,2,2,5,1,4,1,1,3,4,2,4,4,2,5,NA,5,3,4,5,3,4,3,3,2,4,NA,3,3,2,1,1,1,1,1,1,4,3,1,1,3,5,3,1,3,3,3,1,1,2,1,2,2,2,1,1,2,0,0,0,0,0,0,1,9,1,3,2,650.59,8.22,26.15,29.31,32.84,25.34,7.42,15.33,13.17,19.31,9.9,55.29,11.73,10.89,9.14,11.93,51.9,33.38,11.66,16.78,8.67,14.81,11.51,17.09,19.39,22.68,9.07,10.64,13.88,12.04,8.95,6.61,8.53,8.31,8.35,7.24,6.39,7.81,8.41,14.04,9.4,7.37,5.72
241,1,6,4,2,3,7,5,4,5,3,4,3,2,1,2,4,3,5,2,3,NA,1,3,2,3,4,5,3,4,1,2,3,5,NA,4,2,2,4,3,2,2,1,5,2,1,2,3,3,4,5,4,2,3,2,2,2,1,2,1,1,2,1,1,0,1,0,1,0,0,3,8,1,3,2,803.25,6.66,19.27,16.12,11.61,23.79,9.55,27.4,10.63,23.7,13.62,68.65,16.13,9.59,11.7,29.17,70.36,68.54,69.2,13.69,9.66,20.22,22.76,22.6,9.37,9.68,7.01,13.74,13.3,16.58,9.33,9.08,13.63,10.61,7.82,8.75,8.82,9.59,20.07,9.78,8.27,10.32,10.01
243,7,1,2,4,4,8,3,6,6,4,100,4,0,NA,3,4,2,5,3,4,NA,2,3,2,4,3,5,4,3,3,2,4,5,NA,2,2,4,3,2,1,1,1,5,1,1,1,1,4,4,3,1,3,4,2,2,2,1,2,1,2,2,2,2,0,0,1,0,0,0,1,10,1,1,2,787.5,10.96,64.47,25.59,26.81,37.92,7.69,17.43,20.1,36.69,3.74,114.45,13.76,10.22,6.5,10.28,62.14,57.94,20.54,4.83,7.34,14.91,17.43,18.88,9.22,6.33,5.59,13.08,20.76,12.39,7.04,4.49,11.18,6.69,8.25,7.01,6.17,7.81,6.63,7.87,10.47,14.6,6.39
244,6,8,3,2,3,10,2,7,6,3,1,4,2,2,3,5,3,5,4,5,5,NA,3,2,3,3,3,5,2,4,4,4,NA,2,3,2,1,4,1,2,2,2,5,5,1,3,3,5,3,0,3,1,2,2,2,1,2,3,4,1,2,2,2,0,1,0,0,0,0,2,9,1,3,2,926.6,3.82,37.4,31.15,59.04,35.21,9.78,78.91,29.5,18.23,14.7,72.96,10.45,13.35,11.87,21.78,75.98,81.77,15.36,12.63,14.07,14.07,12.28,25.45,31.13,6.22,6.27,11.26,20.46,12.51,9.27,7.44,10.48,26.1,9.84,8.75,5.09,6.5,18.18,11.47,9.72,7.2,5.3
246,6,1,2,4,3,7,1,5,2,3,7,3,1,1,3,4,2,4,1,1,4,NA,2,3,4,4,3,4,2,5,4,3,NA,2,4,3,2,2,3,1,1,1,1,1,1,3,3,4,3,2,4,3,3,2,2,2,2,3,3,3,2,2,2,0,0,0,0,0,0,6,10,1,1,2,1206.08,2.08,54.55,50.23,57.85,384.8,20.53,18.28,42.84,20.93,15.31,87.04,13.63,14.19,9.63,14.53,71.21,43.44,18.6,9.29,20.73,11.8,12.68,16.99,14.37,5.8,10.26,11.21,27.21,16.4,20.65,4.37,13.69,9.49,4.68,4.59,3.93,4.09,8.71,6.63,11.93,5.55,6.24
247,6,1,100,NA,3,10,5,5,8,5,6,4,3,3,2,4,2,NA,3,1,NA,NA,3,3,3,4,2,3,2,4,2,2,5,NA,3,2,2,1,1,3,4,2,5,5,1,3,3,2,5,0,2,2,2,2,2,2,2,3,1,4,2,2,2,0,0,0,0,0,0,1,10,1,1,1,596.63,8.35,24.94,21.87,17.51,22.81,7.39,11.08,16.37,16.99,14.58,83.29,11.7,8.41,7.66,13.35,55.99,43.46,15.96,9.39,9.05,10.36,9.36,16.15,10.22,8.66,4.22,10.78,20.03,15.08,3.05,3,6.53,6.78,6.42,6.36,2.96,3.25,8.32,4.5,7.87,5.37,4.33
248,6,2,1,3,4,9,5,6,5,4,4,2,5,5,2,3,4,3,2,2,5,NA,4,4,3,5,5,5,2,5,5,3,NA,2,2,3,4,3,2,2,1,1,5,3,4,1,2,4,2,4,3,3,3,2,2,2,2,2,1,1,2,2,2,1,1,1,1,0,0,1,10,1,3,1,858.08,19.32,46.49,24.95,18.45,28.63,9.82,21.49,16.21,33.28,10.68,69.22,13.82,10.24,6.99,9.35,62.47,168.43,11.55,8.38,8.77,11.55,12.87,19.14,12.06,9.69,9.68,15.25,18.46,17,10.02,24.54,10.52,11.79,7.23,5.29,6.42,7.31,8.8,10.49,12.82,8.62,6.4
249,1,2,2,NA,2,8,6,5,8,4,7,3,6,5,100,4,3,100,3,2,3,NA,4,3,3,3,2,4,3,NA,100,3,NA,100,100,3,2,3,3,3,2,2,2,4,3,3,1,3,100,0,0,1,2,2,2,2,1,1,1,3,2,2,2,0,1,0,0,0,0,1,9,1,1,2,1192.87,20.29,70.62,146.11,113.51,99.34,151.48,27.91,26.85,15.57,10.03,121.12,13.49,9.53,14.51,7.74,26.04,51.93,21.93,13.4,11.73,11.38,12.22,13.28,7.41,7.02,6.52,13.53,26.71,14.74,5.66,5.58,15.37,16.05,7.1,2.92,3.33,2.26,12.86,9.99,7.78,4.73,9.28
253,1,3,2,1,2,8,1,4,2,4,1,3,0,0,2,3,2,4,1,3,100,NA,3,4,4,5,2,4,2,4,5,4,NA,2,3,1,2,4,3,2,2,1,5,1,1,3,2,4,2,0,1,2,2,2,1,2,1,2,1,2,2,1,2,0,1,2,1,0,0,2,10,1,1,1,932.7,17.27,74.36,40.93,35.31,60.81,49.28,58.01,55.26,17.75,31.72,91.85,34.09,8.08,9.47,9.43,50.76,43.55,15.92,9.39,7.67,9.91,15.43,16.54,7.82,6.59,5.92,12.69,19.01,11.77,7.59,5.08,8.76,11.58,8.77,5.9,5.22,5.1,6.6,7.27,8.77,7.19,5
256,1,2,2,3,2,10,1,3,3,3,9,4,7,6,4,4,2,5,4,3,5,NA,1,2,3,2,5,4,3,3,4,4,NA,1,4,3,1,2,2,2,2,1,5,2,2,1,1,5,3,2,3,2,3,2,1,2,2,3,1,1,2,1,2,0,0,0,0,0,1,2,9,1,1,2,919.6,4.23,36.71,30.52,42.27,53.82,9.84,15.14,17.88,10.51,15.46,124.97,15.59,20.02,14.77,29.22,108.95,50.31,22.98,9.96,9.58,17.75,16.9,22.66,10.43,6.14,4.62,34.41,17.42,10.14,16.11,3.99,9.36,13.84,17.38,7.81,13.4,10.3,11.39,8.39,6.4,7.06,5.92
259,4,8,2,4,2,9,4,1,2,4,4,4,0,1,5,3,5,3,2,5,NA,1,1,5,5,3,5,5,5,5,3,5,5,NA,5,3,1,2,2,3,5,1,4,2,1,1,3,5,4,0,1,4,4,2,1,2,2,3,3,3,2,2,2,0,1,1,0,0,0,1,10,1,3,3,3085.35,34.06,141.18,107.89,107.36,224.48,78.38,136.32,86,19.88,28.04,357.53,57.36,45.88,45.78,51.64,177.75,555.32,77.22,15.23,22.67,22.17,55.5,43.82,17.48,12.28,10.57,49.88,75.83,29.48,12.16,7.88,36.64,45.69,56.39,26.71,11.07,15.92,86.69,22.85,20.09,39.71,9.76
260,1,6,2,4,100,8,4,7,10,NA,7,3,6,4,3,2,2,1,2,3,100,NA,1,3,100,5,4,NA,100,2,4,NA,NA,2,3,2,NA,NA,NA,NA,NA,NA,NA,NA,NA,2,1,1,100,2,NA,3,3,1,NA,NA,NA,NA,NA,NA,1,NA,NA,1,NA,0,NA,1,NA,5,4,4,1,3,643.72,14.11,48.53,38.11,19.22,61.9,13.16,37.23,55.38,19.6,12.46,95.48,12.22,7.1,8.38,15.34,43.19,6.8,7.74,3.2,7.19,4.2,23.76,3.61,6.17,3.79,6.42,2.94,5.26,2.6,1.87,1.85,6.09,1.46,3.54,1.72,4.02,1.21,3.09,4.26,3.14,10.77,11.93
261,1,6,2,1,3,8,5,6,7,4,7,4,1,3,3,4,2,4,1,2,NA,NA,4,3,4,5,2,5,2,5,4,4,NA,2,3,1,1,3,3,2,2,1,3,2,1,3,2,5,3,4,3,3,2,2,1,2,2,3,3,4,2,2,2,0,0,0,0,1,0,1,8,1,1,2,878.07,3.21,56.46,48.79,39.44,30.72,20.38,66.45,21.1,15.46,14.89,81.5,18.72,14.46,9.3,26,86.59,64.29,17.77,11.51,8.38,13.81,24.17,19.91,8.31,6.47,6.47,12.09,23.92,16,8.23,3.96,8.01,8.3,5.29,5.87,6.83,5.17,8.41,10.11,5.69,7.04,5.01
262,100,NA,4,3,1,6,1,5,1,3,2,3,2,0,4,2,2,5,4,2,4,NA,3,5,5,5,5,2,2,3,3,4,NA,2,4,2,2,1,3,2,3,1,2,3,1,2,2,3,4,0,2,3,3,2,NA,NA,NA,2,1,2,2,2,2,0,0,0,0,0,0,1,10,1,3,1,760.13,10.57,36.48,30.45,26.15,41.07,10.52,27.88,23.43,10,20.92,75.99,10.95,11.25,8.29,14.17,61.04,42.45,26.02,10.01,9.34,16.91,10.38,27.93,9.8,7.35,7.11,13.62,31.2,14.22,7.32,4.53,10.13,13.02,9.09,5.59,5.09,6.98,8.97,7.8,11.14,8.75,12.3
263,1,2,1,4,2,9,6,8,9,5,7,4,0,2,4,4,2,5,4,4,5,NA,2,2,2,3,5,4,2,5,4,5,NA,1,4,3,1,2,1,2,2,1,5,5,1,1,3,4,4,0,1,1,2,2,2,2,2,2,1,2,2,2,2,0,0,0,0,0,0,2,9,1,NA,2,1883.26,18.29,49.7,143.95,85.87,61.11,32.06,110.58,22.16,35.67,14.65,202.89,25.13,26.71,79.06,39.06,227.58,78.2,67.71,9.27,14.12,52.57,43.78,24.82,14.99,47.1,9.1,21.84,50.37,18.19,15.37,42.55,22.46,23.44,11.85,11.35,17.47,8.78,23.67,11.58,18.25,28.97,15.12
266,1,3,4,2,4,8,5,5,8,4,1,3,5,5,1,2,3,2,2,1,NA,1,3,2,3,2,2,2,2,2,2,2,2,NA,3,4,1,2,3,1,1,1,2,2,2,3,3,4,1,2,4,1,1,1,1,1,1,3,2,4,1,1,1,1,1,1,2,2,3,6,6,1,3,4,1001.38,20.57,73.1,21.05,46.23,37.79,14.67,21.63,48.77,36.41,9.38,91.42,20.2,10.73,6.29,9.69,48.78,63.07,45.42,15.98,12.37,11.16,26.89,57.84,10.83,7.56,7.78,56.95,28.88,18.37,7.22,4.43,10.26,6.62,5.74,4.6,3.16,2.22,8.76,3.85,23.56,11.61,8.73
267,6,1,2,3,3,9,1,2,1,4,1,4,1,3,4,5,2,5,4,4,NA,2,3,3,5,5,4,4,3,4,5,4,5,NA,4,2,3,3,NA,2,2,1,5,1,1,1,3,4,5,0,0,1,2,2,2,2,2,4,3,1,2,2,2,0,0,0,0,0,0,2,8,1,3,2,1001.06,13.36,58.1,62.9,32.99,37.5,13.12,24.64,18.91,14.35,38.38,95.6,17.19,14.02,9.76,19.81,72.53,63.59,19.86,13.49,11.47,22.28,9.58,24.41,14.39,10.15,6.29,13.68,35.31,10.11,6.59,9.92,7.28,9.55,6.46,4.24,4.32,7.94,12.63,12.85,8.01,5.28,6.08
268,1,6,4,3,3,7,5,6,8,4,7,4,3,5,4,3,2,4,100,3,NA,2,3,3,4,3,5,4,3,4,5,3,5,NA,4,3,1,3,2,2,100,2,3,2,1,1,2,5,3,2,1,3,4,2,2,1,2,1,1,3,1,2,2,0,0,0,0,0,0,1,9,1,3,2,2034.03,20.56,69.48,155.3,63.01,136.89,19.03,97.45,106.75,21.32,40.23,257.07,81.54,75.69,34.82,15.98,171.28,114.19,26.18,38.71,28.64,31.7,48.13,42.21,16.4,9.37,8.32,22.17,28.69,33.27,8,4.35,12.89,17.39,10.27,10.42,5.8,9.16,19.06,54.77,19.73,10.45,32.07
271,1,6,1,4,5,10,3,7,6,5,2,3,1,0,2,3,2,4,2,2,4,NA,4,1,1,2,2,2,1,4,4,2,NA,3,2,2,1,2,1,2,3,2,5,5,2,2,3,5,2,NA,5,1,2,2,2,1,1,2,1,3,2,2,2,0,0,0,0,0,0,1,10,1,3,2,2063.48,129.5,163.09,120.43,78.18,91.49,38.21,58.99,60.53,26.86,17.66,222.45,32.47,21.03,27.55,24.11,112.68,134.82,83.06,13.16,25.23,45.32,23.31,33,29.01,22.6,17.35,44.45,65.47,51,22.44,9.83,35.98,17.47,23.63,10.77,8.44,8.16,41.95,22.4,8.43,7.27,12.4
272,1,6,2,4,3,8,3,5,5,4,7,4,2,2,4,5,2,3,4,3,NA,3,4,3,3,3,5,4,3,4,5,3,4,NA,4,1,2,3,4,3,5,1,5,2,3,2,3,4,2,0,2,1,3,2,1,2,2,1,1,3,2,2,2,0,0,0,0,0,0,3,8,1,3,3,951.29,12.19,74.76,54.46,69.28,68.44,9.94,24.88,18.55,20.45,10.07,66.82,15.86,23.79,16.38,12.63,58.2,115.5,15.36,10.6,7.68,13.81,36.12,23.81,7.25,5.51,19.12,12.84,22.32,11,6.63,4.39,9.4,8.72,6.11,4.12,3.93,11.54,10.37,8.12,5.94,6.03,5.34
274,1,2,2,1,3,10,3,6,5,4,4,4,2,4,2,3,3,4,4,2,4,NA,4,3,2,3,2,5,2,4,4,3,NA,2,4,3,2,100,3,2,1,1,5,1,1,3,2,4,3,6,0,1,2,2,2,2,1,2,2,3,2,2,2,0,0,0,0,0,0,1,10,1,3,2,1064.07,8.66,50.52,34.31,68.05,45.37,23.5,28.48,80.42,28.53,10.46,71.78,15.61,10.41,18.65,24.92,80.52,54.01,13.45,12.01,13.25,14.5,20.8,18.78,10.35,7.82,5.85,21.89,32.38,24.2,12.3,5.44,23.74,15.55,10.48,9.31,6.22,7.71,21.61,64.28,12.52,8.7,6.33
278,1,2,1,NA,3,5,2,2,3,3,7,3,3,4,100,2,2,4,3,1,3,NA,2,1,2,3,5,4,1,2,3,3,NA,3,3,1,1,2,1,1,1,1,5,1,1,1,3,5,2,1,6,2,3,2,2,1,2,3,5,5,2,2,2,0,0,0,0,0,0,1,10,1,1,1,946.11,19.23,100.64,24.22,23.88,97.24,4.63,13.4,3.58,17.01,8.23,45.89,10.8,10,6.96,16.97,41.47,38.73,22.9,12.24,11.54,13.69,21.42,16.01,6.55,5.96,5.49,12.34,33.27,20.53,67.75,8.55,22.08,77.56,18.58,3.75,3.78,4,39.37,13.67,5.19,7.3,6.22
279,1,8,4,2,3,6,2,NA,4,4,2,4,2,3,4,5,2,4,4,4,4,NA,4,2,2,3,NA,4,2,4,4,4,NA,3,5,3,2,3,2,2,NA,1,5,3,1,1,1,5,2,0,5,2,3,2,2,2,2,2,1,3,2,2,2,1,1,1,0,0,0,2,9,1,3,3,4353.05,39.28,211.28,305.35,102.41,262.69,118.2,285.38,178.38,95.04,49.68,394.73,85.88,19.85,104.63,141.47,216.65,323.62,149.55,25.66,31.76,98.9,78.73,92.8,32.72,27.51,29.72,154.34,79.07,94.02,54.62,12.51,127.25,41.4,72.84,13.87,13.3,12.77,41.33,50.65,21.42,17,27.15
280,1,6,4,3,100,8,4,4,7,2,7,4,2,2,3,3,4,5,5,2,5,NA,4,5,5,2,5,4,5,4,3,4,NA,1,5,4,2,100,NA,3,2,2,5,3,1,1,3,3,4,0,0,3,3,2,NA,2,1,3,2,3,2,2,2,0,0,0,0,0,1,1,10,1,3,2,1086.64,17.78,69.98,45.59,39.39,63.08,20.59,25.85,25.06,59.22,11.12,104.87,21.44,20.49,14.73,28.77,69.39,78.09,34.2,20.88,13.16,20.52,39.28,15.95,14.28,10.75,10.37,14.25,27.64,11.09,8.59,5.51,11.53,13.68,10.6,7.91,6.98,8.98,11.82,10.56,18.77,10.6,8.57
282,1,6,4,1,3,8,5,7,6,4,7,4,3,5,2,4,4,3,2,5,100,NA,5,4,4,3,3,4,NA,4,5,3,NA,2,3,3,1,2,1,3,2,4,3,1,1,2,2,5,4,2,15,2,3,2,2,1,2,3,2,4,2,2,2,0,1,0,0,0,1,4,9,1,3,4,2181.78,8.8,31.63,153.42,126.57,27.85,14.78,11.73,100.3,28.79,124.87,388.98,24.39,12.78,6.98,15.27,265.32,33.89,40.31,20.19,10.01,12.19,214,17,9.2,7.26,3.92,18.3,27.46,147.86,7.38,3.76,10.62,6.06,5.21,7.04,6.35,50.47,11.79,7.15,131.93,6.41,4.05
284,1,8,1,3,3,10,7,6,7,5,100,4,2,3,2,3,100,100,2,2,4,NA,4,3,3,3,4,4,2,3,4,3,NA,3,3,3,1,100,2,3,100,1,5,2,1,3,1,5,1,0,2,2,2,2,2,2,2,1,1,4,2,2,2,0,0,0,0,0,0,1,10,1,1,NA,3005.5,83.08,157.68,197.11,192.02,130.43,21.42,83.2,41.96,120.73,44.29,278.72,66.09,30.57,17.46,39.21,271.29,319.07,39.69,44.07,20.86,60.38,26.26,93.75,45.18,13.11,16.15,52.44,68.91,71.55,28.13,19.68,67.53,22.91,17.11,11.08,10.08,19.86,26.71,31,24.06,21.38,46.09
286,1,2,1,2,3,7,5,6,5,4,7,3,1,6,3,4,3,5,3,3,NA,1,4,3,3,3,3,3,3,4,4,4,5,NA,4,2,1,1,2,2,2,1,5,2,1,3,3,4,2,0,0,2,3,2,2,2,2,3,5,3,2,2,2,0,0,1,0,0,0,8,8,1,1,4,7305.88,1189.61,586.6,435.82,514.98,284.61,144.46,384.15,374.18,67.42,139.5,519.98,76.58,37.22,98.69,123.57,355.79,543.05,210.09,122.97,61.21,62.39,57.79,32.58,68.17,21.26,17.22,58.02,141.01,46.78,21.19,17.54,118.96,51.92,81.01,60.09,17.72,27.21,31.71,22.59,26.19,25.15,22.2
287,1,8,1,3,3,10,6,7,7,5,100,4,2,2,2,3,2,100,2,3,4,NA,3,2,3,3,4,4,2,3,4,3,NA,2,2,3,1,100,2,2,100,1,5,1,2,3,1,5,1,0,2,2,2,2,2,2,2,1,1,4,2,2,2,0,0,0,0,0,0,1,10,1,1,NA,1192.55,6.4,79.02,89.3,27.77,41.09,12.43,11.34,13.67,28.4,23.93,138.63,40.49,13.73,12.29,19.46,127.24,70.11,13.22,44.68,27.57,8.19,7.72,9.73,10.81,18.38,4.77,13.31,30.06,8.88,13.63,5.65,9.17,8.98,10.01,7.85,7.58,7.92,27.35,9.25,6.52,8.44,8.37
288,1,2,4,2,2,6,2,4,2,5,9,4,0,0,3,4,3,4,2,3,4,NA,2,3,4,1,1,4,2,5,5,4,NA,1,3,2,1,2,2,2,2,2,5,5,3,3,3,5,4,1,1,2,2,2,1,1,1,5,5,1,2,2,2,2,NA,2,0,0,1,9,9,1,3,4,1212.22,6.26,36.23,58.18,36.93,107.32,34.92,23.39,26.48,33.19,9.9,98.77,34.93,13.48,12.78,11.38,200.68,129.65,30.42,8.22,10.73,20.72,17.72,22.25,8.03,7.85,5.63,16.3,23.82,13.78,28.77,7.34,12.95,20.46,19.84,8.14,8.1,7.27,8.65,6.55,6.45,8.59,5.55
290,1,3,4,2,5,9,3,5,9,5,1,3,8,8,2,2,2,1,2,2,NA,2,2,2,2,1,1,4,2,2,2,2,4,NA,4,3,1,1,1,2,3,1,5,5,1,3,3,5,1,2,4,2,2,2,2,1,2,5,4,4,2,2,2,1,0,0,0,0,1,8,5,1,3,4,1134.21,5.67,20.26,14.55,13.27,30.27,32.77,14.12,26.87,18.2,11.51,61.97,9.53,8.05,11.95,9.92,138.58,247.61,99.68,11.47,10.56,21.69,11.41,17.08,8.67,9.95,10.83,60.46,22.3,16.48,9.32,5.01,13.48,17.98,9.06,7.86,9.12,12.75,9.58,9.77,8.97,11.23,5.49
291,6,8,3,4,3,9,1,5,5,4,1,3,7,7,3,4,4,4,4,2,5,NA,4,NA,2,NA,2,5,3,5,4,3,NA,4,4,2,1,NA,2,3,2,2,5,3,1,2,2,4,4,5,14,2,2,2,1,1,2,1,4,4,2,2,2,0,0,NA,0,0,0,1,1,1,3,1,1014.4,9.14,74.63,174.72,26.64,34.75,13.83,18.33,13.37,17.44,11.41,134.6,5.53,13.68,4.01,8.4,51.49,54.98,18.88,7.56,11.28,12.45,14.75,21.79,13.28,8.06,13.06,14.33,21.54,18.51,14.2,6.78,11.5,14.55,32.94,7.72,10.7,6.92,12.47,9.04,6.77,9.21,7.4
293,1,6,2,4,5,9,4,7,9,4,1,3,8,8,2,2,3,2,1,2,4,NA,4,2,2,2,4,4,2,2,2,1,NA,1,4,2,1,1,1,1,3,1,5,5,1,3,3,5,1,2,4,2,2,2,2,1,2,5,4,2,2,2,2,1,0,0,0,0,0,9,8,1,3,4,552.17,5.74,13.43,8.36,9.73,33.37,10.99,3.95,13.49,9.18,5.04,55.3,6.24,3.81,6.71,9.89,67.09,39.25,7.19,3.78,14.18,9.84,6.74,5.3,8.12,3.12,10.06,50.81,17.11,11.22,6.12,5.39,4.57,7.45,4.55,3.85,5.21,4.11,10.34,9.17,6.98,8.39,5.85
296,2,6,3,1,2,8,2,5,8,3,7,4,1,1,4,4,3,5,2,3,NA,3,3,3,3,4,2,3,4,4,4,4,5,NA,4,2,2,3,4,2,2,2,2,2,1,2,2,3,3,1,0,4,4,2,2,2,2,2,2,1,1,2,2,0,0,0,0,0,0,1,10,1,3,3,2046.36,276.96,37.37,76.1,51.75,67.14,27.78,31.39,37.4,39.72,17.44,210.72,21.05,11.78,16.66,33,236.76,227.91,28.69,21.48,16.32,74.6,74.95,26.48,24.39,10.15,9.33,36.59,36.82,21.68,46.97,8.22,24.36,26.43,14.57,12.03,9.86,18.58,20.02,14.28,18.74,11.62,10.87
297,8,5,3,1,2,9,2,2,8,3,7,4,1,1,4,4,2,4,3,3,NA,2,3,3,3,4,4,3,4,4,4,4,5,NA,4,3,2,2,2,2,100,2,5,2,1,2,2,3,3,1,0,4,4,2,2,2,2,2,2,1,1,2,2,0,0,0,0,0,0,1,10,1,3,3,852.11,5.76,68.29,40.82,36.32,27.21,17.25,34.93,30.41,14.37,8.09,75.53,11.14,4.85,9.9,35.51,81.05,125.32,18.67,5.25,9.01,10.52,10.07,8.87,11.02,6.96,7.55,19.25,15.42,10.49,5.1,4.96,7.08,6.04,4.23,5.27,5.34,6.82,16.51,7.67,6.96,7.27,6.18
298,1,6,1,2,3,8,5,6,6,3,4,3,2,2,4,4,2,5,3,2,NA,2,3,3,2,2,5,3,3,4,5,3,5,NA,4,1,1,2,3,2,2,2,4,4,1,1,3,4,3,3,1,3,3,2,2,2,2,1,1,2,2,2,2,0,0,0,0,0,0,1,9,1,3,1,433.68,8.09,16.73,23.43,13.47,17.27,5.63,11.04,8.6,10.31,5.4,46.26,6.48,5.82,4.93,8.53,38.33,30.61,7.29,6.66,5.61,8.51,18.03,13.28,7.32,4.9,5.46,5.5,12.8,8.97,6.97,4.29,6.54,5.75,5.55,3.57,2.79,3.45,7.55,5.22,3.67,5.65,3.84
299,8,2,2,3,3,9,1,1,2,4,2,4,0,0,2,5,3,5,4,4,4,NA,4,2,2,NA,5,NA,3,5,4,NA,NA,4,4,3,1,1,1,2,2,1,5,2,1,1,2,5,4,2,1,2,2,NA,2,NA,1,4,4,2,2,2,2,0,0,0,0,0,0,1,10,1,1,2,1025.55,11.46,50.14,47.32,39.87,35.65,13.68,53.94,70.95,15.43,11.01,81.38,16.5,7.56,24.62,19.74,82.55,74.27,18.78,15.36,9.08,101.7,19.29,25.83,9.61,17.58,5.28,15.12,26.89,11.11,6.76,4.98,14.05,9.04,5.01,3.71,5.93,5.23,6.77,9.39,9.72,7.11,3.36
300,6,8,2,4,2,9,4,7,5,5,100,4,1,1,3,4,2,4,2,3,NA,100,3,2,2,3,3,5,2,5,5,3,100,NA,4,1,1,1,1,1,1,1,5,1,2,1,3,4,3,0,8,100,3,2,1,2,2,2,1,2,2,2,2,1,0,1,0,0,0,1,10,1,3,3,653.41,26.43,19.89,19.12,68.09,12.74,11.2,15.21,18.7,12.45,10.88,63.37,8.44,5.34,7.62,9.72,65.58,35.41,11.43,7.2,14.43,9.15,19.39,9.8,9.42,8.69,7.47,13.09,21.01,11.95,8.44,6.17,9.58,7.08,9.15,5.7,5.76,6.66,7.89,9.83,7.09,6.34,6.54
301,1,6,4,3,3,10,4,7,6,5,7,3,0,0,2,4,2,2,2,2,NA,2,3,2,2,2,5,4,2,4,4,2,4,NA,4,2,1,1,1,1,1,1,5,1,1,3,3,4,4,0,1,2,2,2,2,2,2,3,3,2,2,2,2,0,0,0,0,0,0,1,10,2,3,2,1666.65,32.95,192.27,84.55,68.49,122.83,21.29,52.1,53.8,27.89,14.33,179.61,24.44,12.86,12.32,32.35,114.72,57.66,28.76,18.68,16.62,27.66,25.32,29.36,21.17,15.05,14.05,47.28,44.59,19.92,18.26,12.63,23.52,21,18.63,15.53,13.95,17.07,17.63,17.14,22.39,19.02,10.95
304,1,6,3,2,3,5,7,100,100,2,7,3,7,5,3,5,3,4,3,1,5,NA,4,100,100,2,3,4,4,2,5,3,NA,2,3,4,2,100,2,2,3,1,5,3,2,1,3,4,2,0,1.5,2,4,2,2,2,2,3,2,3,2,2,1,0,1,0,0,0,0,2,8,1,3,4,1211.99,8.55,61.29,48.66,53.63,62.94,13.38,23.44,46.16,23.05,18.16,131.8,46.35,22.2,16.32,18.01,108.58,99.15,19.13,11.48,63.61,25.42,27.29,21.69,14.47,6.82,7.32,19.62,45.83,16.45,8.02,6.26,11.4,11.42,8.43,9.07,6.18,7.83,22,9.94,12.78,7.24,6.81
306,3,8,2,4,4,9,2,8,3,3,1,4,2,0,4,4,2,4,4,4,NA,1,4,3,2,3,5,2,2,3,5,3,5,NA,4,1,1,3,3,2,5,2,4,3,2,1,3,4,4,0,0,2,3,2,2,NA,2,5,1,2,2,2,2,0,1,2,1,0,0,1,10,2,3,2,1519.66,10.72,11,40.07,21.24,103.19,16.63,141.85,74.43,117.99,17.63,127.41,24.49,10,10.27,47.8,188.4,150.22,30.82,22.39,12.49,18.92,18.53,34,12.66,11.39,6.84,24.5,25.14,12.78,10.99,21.35,19.75,11.95,14.44,8.29,8.93,12.89,10.97,7.95,22.33,5.93,9.48
308,8,1,4,2,2,2,1,1,1,5,1,4,0,0,5,4,1,4,5,4,NA,2,2,2,5,1,5,4,3,4,4,5,5,NA,4,1,1,2,2,1,1,1,4,3,1,1,1,5,3,0,1,1,3,2,1,2,1,4,4,3,1,2,2,3,3,2,2,1,3,7,8,5,4,2,5752.82,10.37,17.46,8.22,1866.78,85.7,8.17,52.9,910.48,1052.3,18.67,82.96,9.83,12.49,15.64,63.64,108.33,43.92,18.26,9.23,13.31,105.5,9.97,20.82,16.49,12.61,9.99,8.11,946.24,22.63,9.02,8.43,10.31,11.26,11.87,5.91,10.04,7.53,9.25,9.41,14.59,6.33,5.04
309,8,2,4,2,1,8,1,5,1,3,2,4,0,0,2,4,3,5,4,3,5,NA,4,3,2,2,4,4,3,4,4,3,NA,1,4,1,2,3,2,3,2,2,5,3,1,3,3,4,4,0,0,3,3,2,1,2,2,4,1,2,2,2,2,0,0,0,0,0,0,1,10,1,3,2,840.46,5.56,52.12,30.23,21.92,24.43,21.17,19.26,19.79,25.76,12.52,99.46,23.34,8.92,11.42,14.6,69.2,67.68,17.03,14.87,8.75,21.89,17.77,40.65,14.69,19.05,5.08,12.36,27.2,11.11,7.43,5.43,7.08,7.37,6.42,5.18,4.05,6.09,7.03,6.74,9.82,6.31,18.94
310,1,6,2,4,NA,6,4,4,4,4,2,4,0,1,4,5,2,4,4,4,4,NA,1,3,2,4,5,3,3,5,3,4,NA,2,5,2,1,2,1,1,3,1,5,5,1,1,1,5,2,20,9,3,3,2,2,2,2,4,2,2,2,2,2,0,0,0,0,0,0,2,9,1,3,2,1531.92,35.55,107.11,32.94,86.5,71.07,20.84,41.01,32.29,27.62,22.12,129.69,42.33,26.97,15.78,18.49,118.19,104.26,46.18,14.76,10.58,22.93,67.53,66.14,15.08,10.4,8.75,20.22,47.99,12.38,10.58,6.54,85.63,18.09,9.93,10.66,7.89,10.22,36.71,13.97,17.49,12.37,9.36
311,1,8,4,2,2,2,1,1,1,5,7,4,0,0,4,4,1,4,5,4,NA,1,1,2,2,4,5,4,3,4,4,5,5,NA,4,1,1,1,1,1,1,1,3,1,1,1,1,5,2,0,2,1,2,1,1,1,1,5,4,4,1,1,2,2,2,3,2,0,3,3,8,1,3,1,927.62,12.98,13.96,16.47,7.43,6.11,5.97,16.27,5.63,5.67,3.71,33.72,6.77,4.9,34.7,37.27,395.33,16.71,9.41,6.83,7.55,7.42,6.83,15.67,18.06,9.3,4.46,5.3,11.84,31.31,5.92,5.9,15.04,13.15,18.97,15.54,14.18,20.93,16.72,14.51,13.28,9.3,3.48
312,1,8,2,4,3,8,4,4,1,4,9,4,0,1,3,4,3,5,2,2,4,NA,NA,3,2,2,5,5,2,4,4,NA,NA,2,4,2,1,NA,2,1,1,1,5,2,1,2,3,4,3,0,2,1,2,2,1,2,2,2,1,1,2,2,2,NA,0,1,0,0,NA,1,8,1,3,2,992.6,7.84,31.44,30.48,313.97,22.82,10.6,19.49,24.14,19.42,8.05,57.24,16.84,28.83,8.39,33.81,57.84,38.3,16.6,11.69,14.55,11.48,15.71,7.88,11.11,10.87,8.03,9.61,13.43,12.36,8.28,4.04,9.96,10.86,7.85,6.04,26.18,12.33,6.9,8.93,6.12,3.23,6.43
315,6,1,2,4,2,8,7,7,7,5,2,4,3,1,3,5,4,5,5,3,5,NA,4,3,NA,3,3,3,3,5,4,4,NA,1,3,2,2,2,1,2,5,1,5,3,1,1,3,4,4,0,2,1,2,2,2,1,2,1,1,2,1,2,2,1,0,0,0,0,1,1,10,1,3,1,4481.45,5.39,43.9,16.88,108.36,719.79,25.63,634.94,13.33,36.34,122.5,315.74,43.46,6.66,5.69,8.99,188.65,883.54,87.16,28.37,44.07,95.14,159.31,155.53,34.25,84.83,10.14,44.36,88.66,27.02,10.57,8.31,23.3,34.92,17.77,14.14,13.07,16.63,26.06,23.34,22.43,54.63,6.34
317,1,6,2,3,2,7,2,3,2,3,6,4,4,4,3,4,NA,4,3,3,4,NA,4,3,4,4,4,3,4,3,2,4,NA,2,2,3,3,3,1,2,3,2,5,3,3,2,1,5,3,0,5,1,3,2,2,2,2,2,2,2,2,2,2,0,1,1,0,0,1,1,9,1,3,2,1974.94,21.46,106.84,329.22,62.55,125.34,21.22,46.12,51.13,31.94,17.62,198.61,20.54,11.6,11.79,29.91,276.16,90.41,51.92,30.92,23.77,30.84,16.1,42.44,27.5,11.04,13.72,33.21,28.63,22.4,14.74,11.36,32.35,23.28,12.73,8.79,8.09,9.22,12.82,12.59,16.36,14.59,7.64
318,1,8,2,1,3,8,2,6,5,4,7,4,2,2,1,3,5,4,4,1,5,NA,5,2,2,4,5,4,3,5,4,3,NA,2,4,4,3,2,2,2,2,2,5,4,1,2,3,4,2,0,2,3,3,2,1,2,1,4,1,4,2,2,2,0,1,1,1,0,1,2,10,1,3,2,1022.15,15.04,58.69,26.57,34.08,48,12.19,22.47,24.41,24.9,12.44,80.87,21.68,23.17,11.07,19.21,98.24,89.39,25.54,14.07,10.8,15.24,13.25,12.57,13.84,10.91,8.65,44.79,41.46,20.17,13.04,5.18,22.07,15.72,15.33,9.96,8.47,11.36,11.87,9.79,14.72,15.66,10.47
321,8,1,4,3,4,3,2,1,1,4,7,4,2,2,5,5,2,5,2,3,5,NA,2,5,5,2,5,2,2,5,2,4,NA,2,2,2,2,2,2,2,2,2,5,2,2,1,2,5,3,0,0,1,3,2,1,2,1,4,4,2,2,2,2,0,0,0,0,0,0,1,10,1,3,1,1529.2,25.14,116.34,40.07,36.15,54.43,22.98,58.87,43.72,17.55,9.65,107.74,16.64,11.48,47.83,14.53,107.42,86.35,42.64,39.16,10.34,24.36,40.56,42.89,11.68,29.2,7.99,23.27,32.32,17.49,9.92,5.98,11.43,22.03,10.39,9.05,11.54,10.83,11.44,14.49,12.66,12.56,7.63
324,6,1,3,2,2,8,2,100,2,4,6,3,5,100,3,3,2,4,4,1,5,NA,2,3,100,4,100,2,3,4,3,4,NA,1,2,2,1,2,3,2,3,2,3,3,2,2,2,4,4,0,1,3,3,2,2,2,2,3,2,1,2,2,2,0,0,1,0,0,0,1,8,1,1,1,857.39,5.06,45.84,37.97,37.11,50.54,9.54,24.41,25.17,31.94,10.75,92.56,21.54,11.12,10.54,21.1,80.57,62.23,14.49,11.84,13.25,16.09,23.41,16.19,11.96,7.73,4.55,12.25,31.21,14.5,8.29,4.27,10.64,12.64,11.35,3.02,3.93,4.41,7.19,8.85,13.22,7.14,3.63
325,6,1,3,2,2,8,2,100,2,4,6,3,1,5,3,3,2,4,4,2,5,NA,2,4,4,4,3,100,3,4,2,4,NA,2,2,2,1,2,3,2,3,2,3,3,2,2,2,4,4,0,1,3,3,2,2,2,2,3,2,1,2,2,2,0,0,1,0,0,0,2,7,1,1,1,452.65,2.03,20.44,10.06,12.78,13.49,5.79,12.27,13.81,22.08,6.04,57.07,10.63,11.07,4.25,5.87,43.37,31,8.29,2.14,8.52,5.96,6.26,4.12,6.3,7.16,5.09,6.84,28.79,8.13,6.86,4.24,6.99,6.77,10.48,4.44,3.93,3.47,8.58,5.31,4.16,2.77,3.22
327,1,6,1,4,3,8,9,6,10,5,1,3,1,0,3,2,1,5,2,1,NA,NA,3,2,2,NA,3,5,1,5,5,5,NA,1,5,2,1,2,1,1,100,1,100,1,1,1,3,5,1,0,0,2,3,2,1,2,2,100,1,5,2,NA,2,NA,0,0,0,0,0,1,10,1,4,4,4319.25,547.44,135.76,146.92,113.46,251.96,44.14,173.08,179.68,43.14,60.77,508.98,89.52,31.1,19.53,95.08,333.63,251.44,96.02,30.56,69.69,99.53,56.27,24.58,44.08,57.18,16.2,83.25,114.14,73.69,45.41,15.57,102.08,38.52,29.22,52.85,18.83,22.16,59.1,28.79,27.9,45.34,25.08
328,1,2,4,2,3,8,6,7,7,5,7,4,2,2,4,5,2,4,5,4,4,NA,4,2,4,2,NA,4,2,4,4,4,NA,2,4,4,2,2,3,3,2,2,5,3,1,3,3,5,2,0,2,1,2,2,1,1,2,1,2,5,2,2,2,0,0,0,0,0,0,1,10,1,1,2,871.13,3.22,52.47,29.04,19.24,37.92,11.56,36.02,23.85,26.28,4.98,103.11,19.68,13.04,14.7,18.44,80.7,63.09,22.26,11.91,11.4,7.97,35.79,18.57,13.39,5.99,7.17,15.86,27.47,14.71,7.48,6.3,10.68,13.76,10.48,10.28,6.53,9.19,8.72,9.6,11.26,6.02,6.05
329,1,6,4,3,5,10,5,5,4,5,7,3,3,3,2,4,3,4,2,3,NA,3,4,3,3,5,3,4,2,4,4,3,4,NA,3,3,3,2,2,3,1,2,5,2,1,1,3,5,4,0,0,2,3,2,2,2,2,2,1,3,2,2,2,0,0,1,0,0,0,1,9,1,1,2,1086.35,6.09,133.03,48.81,60.31,39.46,13.93,31.33,35.79,35.9,10.04,95.25,16.28,23.47,15.67,18.87,85.86,71.93,13.34,17.26,12.41,19.35,19.26,21.23,9.37,5.93,4.37,14.52,31.95,18.25,8.82,5.5,22.39,15.58,13.89,8.72,9.63,11.95,15.2,10.43,15.67,7.21,7.46
330,2,6,2,4,3,5,2,4,1,3,1,3,7,5,2,4,3,4,4,3,NA,2,3,2,2,2,5,4,100,4,5,3,5,NA,3,3,100,3,2,3,2,2,5,3,1,2,3,5,4,0,1,1,3,2,1,2,2,3,3,100,2,2,2,0,0,0,0,0,0,1,3,1,1,3,970.96,6.2,63.81,13.88,34.94,32.33,15.57,22.75,17.56,24.7,14.55,95.2,15.1,7.82,20.24,30.82,96.22,78.66,28.07,16.28,16.85,17.1,19.45,30.68,11.03,5.54,5.17,16.58,35.66,15.79,13.11,5.57,12.55,13.34,10.56,9.38,8.37,10.48,15.69,25.73,16.65,10.98,5.78
336,1,8,4,2,1,10,7,7,8,5,9,4,0,NA,4,4,3,5,3,4,5,NA,4,5,5,5,5,5,4,100,4,4,NA,1,5,5,1,1,2,2,2,2,4,2,1,3,3,5,4,0,0,3,4,2,2,2,2,5,2,1,2,2,2,0,0,1,0,0,0,2,9,1,3,1,994.07,4.64,48.72,35.18,56.65,48.39,11.54,36.37,35.94,27.97,5.67,99.27,8.01,5.18,24.96,27.5,97.63,49.25,29.05,7.04,11.82,15.13,10.83,14.3,20.98,7.85,7.22,9.02,36.26,12.66,10.89,6.57,9.76,15.66,15.99,8.82,7.2,7.47,14.86,13.41,8.67,7.73,6.79
340,6,2,2,4,2,9,1,5,1,4,100,4,9,9,2,3,1,4,3,4,NA,3,3,4,5,5,4,4,100,5,5,4,5,NA,4,3,1,2,2,2,4,1,5,3,3,1,1,5,2,0,1,1,3,2,2,2,2,2,1,3,2,2,2,0,0,0,0,0,0,1,10,1,3,2,1229.47,12.92,34.57,60.66,29.4,41.95,32.09,44.49,26.27,15.17,10.92,132.22,29.02,14.79,10.92,26.39,123.54,159.12,32.89,26.1,13.82,20.81,16.82,29.44,22.88,12.44,13.53,16.32,39.82,22.06,12.21,5.93,28.56,11.18,10.75,6.97,6.93,12.61,10.52,7.4,10.77,21.77,7.68
342,2,5,4,2,100,6,3,4,2,4,4,4,1,1,3,3,2,4,4,2,NA,2,4,3,3,NA,4,4,3,3,3,NA,4,NA,4,2,2,2,3,3,2,3,5,1,2,2,2,5,4,0,1,1,2,2,2,2,1,3,2,3,2,1,2,0,0,0,NA,0,0,3,3,1,1,3,681.61,5.16,32.96,29.28,24.75,32.22,11.37,12.66,14.59,9.61,9.39,59.56,10.34,5.14,0.85,14.58,66.14,54,18.24,10.44,7.11,8.09,22.91,15.1,8.47,5.6,6.59,15.58,23.24,10.1,8.46,4.35,23.24,7.89,7.94,4.77,4.14,11.36,17.43,7.85,8.76,7.76,19.01
343,6,8,2,3,2,7,3,4,3,4,6,4,1,3,3,4,2,5,4,2,NA,NA,4,3,3,4,5,4,3,4,3,4,NA,2,2,3,2,2,1,2,2,2,2,2,1,2,1,5,1,0,0,1,2,1,1,2,2,1,2,4,2,2,2,0,0,1,0,0,0,1,10,1,3,2,1231.19,15.45,50.63,66.16,37.65,67.81,12.63,106.64,31.15,28.08,12.05,137.34,16.28,13.09,8.4,19.27,106.3,85.27,23.04,21.17,11.85,14.15,20.8,27.35,17.12,7.23,23.07,16.42,53.72,21.79,9.55,6.83,11.83,17.18,12.53,9,6.83,14.48,12.24,14.13,11.49,14.23,8.23
344,1,2,4,2,3,6,2,1,1,5,9,4,1,3,2,4,3,5,2,4,NA,1,2,3,5,2,5,4,3,2,3,3,5,NA,3,2,1,2,2,1,2,1,5,3,1,1,2,4,4,1,2,2,3,2,1,2,2,3,1,4,2,2,2,1,1,0,1,0,2,1,10,1,3,1,2031.31,6.83,51.86,338.82,30.76,169.14,8.69,54.17,330.56,275.17,12.23,129.39,22.41,10.46,7.39,38.84,190.23,38.83,46.69,12.01,18.72,30.1,10.67,16.97,18,9.68,6.75,17.14,18.87,10.32,5.28,4.24,9.97,13.52,10.07,9.09,4.35,7.51,6.11,6.65,6.84,7.2,4.43
345,6,1,4,3,3,10,4,8,4,5,1,4,0,0,3,3,2,4,4,3,3,NA,3,2,2,2,3,4,2,4,5,4,NA,3,4,2,2,100,3,1,2,2,5,5,100,2,2,5,5,0,3,2,3,2,2,2,2,3,2,4,2,2,2,0,0,0,0,0,0,1,10,1,3,3,1009.08,19.73,45.44,34.02,42.16,48.62,17.81,32.77,39.83,31.31,12.2,121.47,28.45,19.07,12.63,22.13,97.4,78.39,26.5,5.21,10.9,29.18,13.26,27.07,9.57,9.25,4.71,13.76,32.66,17.87,7.66,5.62,10.91,10.51,6.82,6.24,4.78,4.08,10.15,7.8,14.45,7.07,6.18
347,6,3,4,1,3,8,4,5,5,5,7,4,0,0,4,4,1,4,2,3,NA,2,3,1,5,3,5,5,1,5,5,5,5,NA,5,1,1,3,2,1,2,1,NA,5,1,1,1,5,2,0,1,1,2,2,1,2,2,4,4,4,2,2,2,0,0,0,0,0,0,1,10,1,1,2,1826.82,2.41,58.07,210.78,80.03,143.22,28.86,50.98,54.15,31.12,6.92,189.43,35.89,26.5,19.41,26.57,155.88,143.31,53.15,5.15,18.7,29.29,24.05,39.87,19.48,17.82,16.53,62.21,41.16,22.38,15.4,9.95,31.76,22.5,16.96,9.11,4.55,20.31,29.49,18.18,17.46,8.08,5.75
355,1,2,4,2,3,4,2,1,1,5,9,4,0,2,2,2,2,5,4,4,NA,2,2,3,5,2,5,4,3,2,4,4,5,NA,4,3,1,2,2,1,2,1,5,3,1,1,2,4,4,1,2,2,3,2,1,2,2,2,1,4,1,2,2,1,1,1,1,1,2,1,10,1,3,1,727.69,3.4,8.85,13,19.48,8.22,5.91,16.44,7.57,9.41,130.67,100.8,11.61,6.64,8.29,12.69,50.16,33.13,47.76,4.43,7.81,5.71,6.11,6.91,11.74,12.83,12.05,14.31,11.79,18.68,19.25,7.84,5.96,4.59,4.62,4.53,4.36,4.72,37.61,5.98,6.24,7.13,5.34
356,6,1,2,4,3,6,6,6,4,3,5,2,5,5,3,2,3,4,2,2,NA,5,1,3,2,4,3,4,2,2,2,3,3,NA,1,2,2,2,3,4,2,3,3,4,4,2,1,5,NA,0,0,3,3,2,2,1,2,1,3,4,2,2,2,2,2,1,1,0,0,2,3,1,1,3,314.68,5.27,59.77,11.51,6.12,24.96,3.47,2.88,5.32,3.27,2.87,18.34,6.59,2.6,2.68,2.86,13.5,14.61,3.02,1.71,2.48,1.86,10.85,8.94,4.89,2.58,4.67,5.98,5.59,11.86,6.26,3.25,18.59,4.2,1.85,2.38,2.56,2.19,5.53,3.06,1.95,3.88,5.01
363,6,2,4,1,3,6,3,3,5,5,1,4,3,3,2,5,2,4,2,2,5,NA,2,4,4,3,5,4,2,5,2,4,NA,1,4,2,1,2,2,3,2,1,5,3,2,1,2,5,4,0,3,3,2,2,2,2,2,2,2,2,2,1,2,0,0,0,0,0,0,2,9,2,3,2,475.74,4.1,26.2,20.56,13.89,15.35,5.13,14.3,11.53,12.73,5.98,37.53,33.91,5.22,7.06,11.15,51.33,27.23,7.46,6.19,5.75,12.63,9.88,9.17,5.87,5.3,5.04,7.4,10.23,8.2,5.84,4.14,6.49,7.64,6.52,5.68,6.04,4.79,8.64,6.29,6,4.16,4.35
